 Destination Port, Total Length of Fwd Packets, Total Length of Bwd Packets, Fwd Packet Length Max, Fwd Packet Length Mean,Bwd Packet Length Max, Bwd Packet Length Mean, Fwd Header Length, Average Packet Size, Avg Fwd Segment Size, Avg Bwd Segment Size, Fwd Header Length.1, Subflow Fwd Bytes, Subflow Bwd Bytes,Init_Win_bytes_forward
443,1837,852,204.11111111111111,4230,1474,384.54545454545456,360.22222222222223,3242,303.35,148.77777777777777,329.45454545454544,1837,4230,64240
443,1837,852,204.11111111111111,4230,1474,384.54545454545456,360.22222222222223,3242,303.35,148.77777777777777,329.45454545454544,1837,4230,64240
443,1837,852,204.11111111111111,4230,1474,384.54545454545456,360.22222222222223,3242,303.35,148.77777777777777,329.45454545454544,1837,4230,64240
30583,56,56,56.0,54,54,54.0,64.0,64,55.0,2.0,0.0,56,54,291
31501,122,66,61.0,109,55,54.5,74.0,148,57.75,1.0,0.5,122,109,298
30888,56,56,56.0,54,54,54.0,64.0,64,55.0,2.0,0.0,56,54,232
443,1837,852,204.11111111111111,4230,1474,384.54545454545456,360.22222222222223,3242,303.35,148.77777777777777,329.45454545454544,1837,4230,64240
30583,122,66,61.0,109,55,54.5,74.0,148,57.75,1.0,0.5,122,109,291
31501,122,66,61.0,109,55,54.5,74.0,148,57.75,1.0,0.5,122,109,298
30888,122,66,61.0,109,55,54.5,74.0,148,57.75,1.0,0.5,122,109,232
443,1837,852,204.11111111111111,4230,1474,384.54545454545456,360.22222222222223,3242,303.35,148.77777777777777,329.45454545454544,1837,4230,64240
30583,122,66,61.0,109,55,54.5,74.0,148,57.75,1.0,0.5,122,109,291
31501,122,66,61.0,109,55,54.5,74.0,148,57.75,1.0,0.5,122,109,298
30888,122,66,61.0,109,55,54.5,74.0,148,57.75,1.0,0.5,122,109,232
31839,56,56,56.0,54,54,54.0,64.0,64,55.0,2.0,0.0,56,54,509
49692,112,56,56.0,54,54,54.0,64.0,128,55.333333333333336,2.0,0.0,112,54,260
31091,112,56,56.0,54,54,54.0,64.0,128,55.333333333333336,2.0,0.0,112,54,346
30241,112,56,56.0,54,54,54.0,64.0,128,55.333333333333336,2.0,0.0,112,54,348
443,1837,852,204.11111111111111,4230,1474,384.54545454545456,360.22222222222223,3242,303.35,148.77777777777777,329.45454545454544,1837,4230,64240
30583,122,66,61.0,109,55,54.5,74.0,148,57.75,1.0,0.5,122,109,291
31501,122,66,61.0,109,55,54.5,74.0,148,57.75,1.0,0.5,122,109,298
30888,122,66,61.0,109,55,54.5,74.0,148,57.75,1.0,0.5,122,109,232
31839,56,56,56.0,54,54,54.0,64.0,64,55.0,2.0,0.0,56,54,509
49692,112,56,56.0,54,54,54.0,64.0,128,55.333333333333336,2.0,0.0,112,54,260
31091,112,56,56.0,54,54,54.0,64.0,128,55.333333333333336,2.0,0.0,112,54,346
30241,112,56,56.0,54,54,54.0,64.0,128,55.333333333333336,2.0,0.0,112,54,348
443,1837,852,204.11111111111111,4230,1474,384.54545454545456,360.22222222222223,3242,303.35,148.77777777777777,329.45454545454544,1837,4230,64240
30583,122,66,61.0,109,55,54.5,74.0,148,57.75,1.0,0.5,122,109,291
31501,122,66,61.0,109,55,54.5,74.0,148,57.75,1.0,0.5,122,109,298
30888,122,66,61.0,109,55,54.5,74.0,148,57.75,1.0,0.5,122,109,232
31839,56,56,56.0,54,54,54.0,64.0,64,55.0,2.0,0.0,56,54,509
49692,112,56,56.0,54,54,54.0,64.0,128,55.333333333333336,2.0,0.0,112,54,260
31091,112,56,56.0,54,54,54.0,64.0,128,55.333333333333336,2.0,0.0,112,54,346
30241,112,56,56.0,54,54,54.0,64.0,128,55.333333333333336,2.0,0.0,112,54,348
31790,56,56,56.0,54,54,54.0,64.0,64,55.0,2.0,0.0,56,54,83
443,1837,852,204.11111111111111,4230,1474,384.54545454545456,360.22222222222223,3242,303.35,148.77777777777777,329.45454545454544,1837,4230,64240
30583,122,66,61.0,109,55,54.5,74.0,148,57.75,1.0,0.5,122,109,291
31501,122,66,61.0,109,55,54.5,74.0,148,57.75,1.0,0.5,122,109,298
30888,122,66,61.0,109,55,54.5,74.0,148,57.75,1.0,0.5,122,109,232
31839,56,56,56.0,54,54,54.0,64.0,64,55.0,2.0,0.0,56,54,509
49692,112,56,56.0,54,54,54.0,64.0,128,55.333333333333336,2.0,0.0,112,54,260
31091,112,56,56.0,54,54,54.0,64.0,128,55.333333333333336,2.0,0.0,112,54,346
30241,112,56,56.0,54,54,54.0,64.0,128,55.333333333333336,2.0,0.0,112,54,348
31790,56,56,56.0,54,54,54.0,64.0,64,55.0,2.0,0.0,56,54,83
443,1837,852,204.11111111111111,4230,1474,384.54545454545456,360.22222222222223,3242,303.35,148.77777777777777,329.45454545454544,1837,4230,64240
30583,122,66,61.0,109,55,54.5,74.0,148,57.75,1.0,0.5,122,109,291
31501,122,66,61.0,109,55,54.5,74.0,148,57.75,1.0,0.5,122,109,298
30888,122,66,61.0,109,55,54.5,74.0,148,57.75,1.0,0.5,122,109,232
31839,56,56,56.0,54,54,54.0,64.0,64,55.0,2.0,0.0,56,54,509
49692,112,56,56.0,54,54,54.0,64.0,128,55.333333333333336,2.0,0.0,112,54,260
31091,112,56,56.0,54,54,54.0,64.0,128,55.333333333333336,2.0,0.0,112,54,346
30241,112,56,56.0,54,54,54.0,64.0,128,55.333333333333336,2.0,0.0,112,54,348
31790,56,56,56.0,54,54,54.0,64.0,64,55.0,2.0,0.0,56,54,83
7487,56,56,56.0,54,54,54.0,64.0,64,55.0,2.0,0.0,56,54,806
443,1837,852,204.11111111111111,4230,1474,384.54545454545456,360.22222222222223,3242,303.35,148.77777777777777,329.45454545454544,1837,4230,64240
30583,122,66,61.0,109,55,54.5,74.0,148,57.75,1.0,0.5,122,109,291
31501,122,66,61.0,109,55,54.5,74.0,148,57.75,1.0,0.5,122,109,298
30888,122,66,61.0,109,55,54.5,74.0,148,57.75,1.0,0.5,122,109,232
31839,56,56,56.0,54,54,54.0,64.0,64,55.0,2.0,0.0,56,54,509
49692,112,56,56.0,54,54,54.0,64.0,128,55.333333333333336,2.0,0.0,112,54,260
31091,112,56,56.0,54,54,54.0,64.0,128,55.333333333333336,2.0,0.0,112,54,346
30241,112,56,56.0,54,54,54.0,64.0,128,55.333333333333336,2.0,0.0,112,54,348
31790,56,56,56.0,54,54,54.0,64.0,64,55.0,2.0,0.0,56,54,83
7487,56,56,56.0,54,54,54.0,64.0,64,55.0,2.0,0.0,56,54,806
443,1837,852,204.11111111111111,4230,1474,384.54545454545456,360.22222222222223,3242,303.35,148.77777777777777,329.45454545454544,1837,4230,64240
30583,122,66,61.0,109,55,54.5,74.0,148,57.75,1.0,0.5,122,109,291
31501,122,66,61.0,109,55,54.5,74.0,148,57.75,1.0,0.5,122,109,298
30888,122,66,61.0,109,55,54.5,74.0,148,57.75,1.0,0.5,122,109,232
31839,56,56,56.0,54,54,54.0,64.0,64,55.0,2.0,0.0,56,54,509
49692,112,56,56.0,54,54,54.0,64.0,128,55.333333333333336,2.0,0.0,112,54,260
31091,112,56,56.0,54,54,54.0,64.0,128,55.333333333333336,2.0,0.0,112,54,346
30241,112,56,56.0,54,54,54.0,64.0,128,55.333333333333336,2.0,0.0,112,54,348
31790,56,56,56.0,54,54,54.0,64.0,64,55.0,2.0,0.0,56,54,83
7487,56,56,56.0,54,54,54.0,64.0,64,55.0,2.0,0.0,56,54,806
443,1837,852,204.11111111111111,4230,1474,384.54545454545456,360.22222222222223,3242,303.35,148.77777777777777,329.45454545454544,1837,4230,64240
30583,122,66,61.0,109,55,54.5,74.0,148,57.75,1.0,0.5,122,109,291
31501,122,66,61.0,109,55,54.5,74.0,148,57.75,1.0,0.5,122,109,298
30888,122,66,61.0,109,55,54.5,74.0,148,57.75,1.0,0.5,122,109,232
31839,56,56,56.0,54,54,54.0,64.0,64,55.0,2.0,0.0,56,54,509
49692,112,56,56.0,54,54,54.0,64.0,128,55.333333333333336,2.0,0.0,112,54,260
31091,112,56,56.0,54,54,54.0,64.0,128,55.333333333333336,2.0,0.0,112,54,346
30241,112,56,56.0,54,54,54.0,64.0,128,55.333333333333336,2.0,0.0,112,54,348
31790,56,56,56.0,54,54,54.0,64.0,64,55.0,2.0,0.0,56,54,83
7487,56,56,56.0,54,54,54.0,64.0,64,55.0,2.0,0.0,56,54,806
443,2550,1466,425.0,1126,672,225.2,802.0,4812,334.1818181818182,369.0,166.4,2550,1126,64240
443,592,356,148.0,524,125,87.33333333333333,248.0,992,111.6,94.0,33.333333333333336,592,524,512
443,1837,852,204.11111111111111,4230,1474,384.54545454545456,360.22222222222223,3242,303.35,148.77777777777777,329.45454545454544,1837,4230,64240
30583,122,66,61.0,109,55,54.5,74.0,148,57.75,1.0,0.5,122,109,291
31501,122,66,61.0,109,55,54.5,74.0,148,57.75,1.0,0.5,122,109,298
30888,122,66,61.0,109,55,54.5,74.0,148,57.75,1.0,0.5,122,109,232
31839,56,56,56.0,54,54,54.0,64.0,64,55.0,2.0,0.0,56,54,509
49692,112,56,56.0,54,54,54.0,64.0,128,55.333333333333336,2.0,0.0,112,54,260
31091,112,56,56.0,54,54,54.0,64.0,128,55.333333333333336,2.0,0.0,112,54,346
30241,112,56,56.0,54,54,54.0,64.0,128,55.333333333333336,2.0,0.0,112,54,348
31790,56,56,56.0,54,54,54.0,64.0,64,55.0,2.0,0.0,56,54,83
7487,56,56,56.0,54,54,54.0,64.0,64,55.0,2.0,0.0,56,54,806
443,2550,1466,425.0,1126,672,225.2,802.0,4812,334.1818181818182,369.0,166.4,2550,1126,64240
443,592,356,148.0,524,125,87.33333333333333,248.0,992,111.6,94.0,33.333333333333336,592,524,512
31748,112,56,56.0,54,54,54.0,64.0,128,55.333333333333336,2.0,0.0,112,54,11
443,1837,852,204.11111111111111,4230,1474,384.54545454545456,360.22222222222223,3242,303.35,148.77777777777777,329.45454545454544,1837,4230,64240
30583,122,66,61.0,109,55,54.5,74.0,148,57.75,1.0,0.5,122,109,291
31501,122,66,61.0,109,55,54.5,74.0,148,57.75,1.0,0.5,122,109,298
30888,122,66,61.0,109,55,54.5,74.0,148,57.75,1.0,0.5,122,109,232
31839,56,56,56.0,54,54,54.0,64.0,64,55.0,2.0,0.0,56,54,509
49692,112,56,56.0,54,54,54.0,64.0,128,55.333333333333336,2.0,0.0,112,54,260
31091,112,56,56.0,54,54,54.0,64.0,128,55.333333333333336,2.0,0.0,112,54,346
30241,112,56,56.0,54,54,54.0,64.0,128,55.333333333333336,2.0,0.0,112,54,348
31790,56,56,56.0,54,54,54.0,64.0,64,55.0,2.0,0.0,56,54,83
7487,56,56,56.0,54,54,54.0,64.0,64,55.0,2.0,0.0,56,54,806
443,2550,1466,425.0,1126,672,225.2,802.0,4812,334.1818181818182,369.0,166.4,2550,1126,64240
443,592,356,148.0,524,125,87.33333333333333,248.0,992,111.6,94.0,33.333333333333336,592,524,512
31748,112,56,56.0,54,54,54.0,64.0,128,55.333333333333336,2.0,0.0,112,54,11
443,348,294,174.0,371,315,185.5,300.0,600,179.75,120.0,131.5,348,371,516
443,1837,852,204.11111111111111,4230,1474,384.54545454545456,360.22222222222223,3242,303.35,148.77777777777777,329.45454545454544,1837,4230,64240
30583,122,66,61.0,109,55,54.5,74.0,148,57.75,1.0,0.5,122,109,291
31501,122,66,61.0,109,55,54.5,74.0,148,57.75,1.0,0.5,122,109,298
30888,122,66,61.0,109,55,54.5,74.0,148,57.75,1.0,0.5,122,109,232
31839,56,56,56.0,54,54,54.0,64.0,64,55.0,2.0,0.0,56,54,509
49692,112,56,56.0,54,54,54.0,64.0,128,55.333333333333336,2.0,0.0,112,54,260
31091,112,56,56.0,54,54,54.0,64.0,128,55.333333333333336,2.0,0.0,112,54,346
30241,112,56,56.0,54,54,54.0,64.0,128,55.333333333333336,2.0,0.0,112,54,348
31790,56,56,56.0,54,54,54.0,64.0,64,55.0,2.0,0.0,56,54,83
7487,56,56,56.0,54,54,54.0,64.0,64,55.0,2.0,0.0,56,54,806
443,2550,1466,425.0,1126,672,225.2,802.0,4812,334.1818181818182,369.0,166.4,2550,1126,64240
443,592,356,148.0,524,125,87.33333333333333,248.0,992,111.6,94.0,33.333333333333336,592,524,512
31748,112,56,56.0,54,54,54.0,64.0,128,55.333333333333336,2.0,0.0,112,54,11
443,348,294,174.0,371,315,185.5,300.0,600,179.75,120.0,131.5,348,371,516
31751,112,56,56.0,54,54,54.0,64.0,128,55.333333333333336,2.0,0.0,112,54,107
33105,225,93,75.0,216,54,54.0,102.0,306,63.0,21.0,0.0,225,216,76
443,1837,852,204.11111111111111,4230,1474,384.54545454545456,360.22222222222223,3242,303.35,148.77777777777777,329.45454545454544,1837,4230,64240
30583,122,66,61.0,109,55,54.5,74.0,148,57.75,1.0,0.5,122,109,291
31501,122,66,61.0,109,55,54.5,74.0,148,57.75,1.0,0.5,122,109,298
30888,122,66,61.0,109,55,54.5,74.0,148,57.75,1.0,0.5,122,109,232
31839,56,56,56.0,54,54,54.0,64.0,64,55.0,2.0,0.0,56,54,509
49692,112,56,56.0,54,54,54.0,64.0,128,55.333333333333336,2.0,0.0,112,54,260
31091,112,56,56.0,54,54,54.0,64.0,128,55.333333333333336,2.0,0.0,112,54,346
30241,112,56,56.0,54,54,54.0,64.0,128,55.333333333333336,2.0,0.0,112,54,348
31790,56,56,56.0,54,54,54.0,64.0,64,55.0,2.0,0.0,56,54,83
7487,56,56,56.0,54,54,54.0,64.0,64,55.0,2.0,0.0,56,54,806
443,2550,1466,425.0,1126,672,225.2,802.0,4812,334.1818181818182,369.0,166.4,2550,1126,64240
443,592,356,148.0,524,125,87.33333333333333,248.0,992,111.6,94.0,33.333333333333336,592,524,512
31748,112,56,56.0,54,54,54.0,64.0,128,55.333333333333336,2.0,0.0,112,54,11
443,348,294,174.0,371,315,185.5,300.0,600,179.75,120.0,131.5,348,371,516
31751,112,56,56.0,54,54,54.0,64.0,128,55.333333333333336,2.0,0.0,112,54,107
33105,225,93,75.0,216,54,54.0,102.0,306,63.0,21.0,0.0,225,216,76
443,1837,852,204.11111111111111,4230,1474,384.54545454545456,360.22222222222223,3242,303.35,148.77777777777777,329.45454545454544,1837,4230,64240
30583,122,66,61.0,109,55,54.5,74.0,148,57.75,1.0,0.5,122,109,291
31501,122,66,61.0,109,55,54.5,74.0,148,57.75,1.0,0.5,122,109,298
30888,122,66,61.0,109,55,54.5,74.0,148,57.75,1.0,0.5,122,109,232
31839,56,56,56.0,54,54,54.0,64.0,64,55.0,2.0,0.0,56,54,509
49692,112,56,56.0,54,54,54.0,64.0,128,55.333333333333336,2.0,0.0,112,54,260
31091,112,56,56.0,54,54,54.0,64.0,128,55.333333333333336,2.0,0.0,112,54,346
30241,112,56,56.0,54,54,54.0,64.0,128,55.333333333333336,2.0,0.0,112,54,348
31790,56,56,56.0,54,54,54.0,64.0,64,55.0,2.0,0.0,56,54,83
7487,56,56,56.0,54,54,54.0,64.0,64,55.0,2.0,0.0,56,54,806
443,2550,1466,425.0,1126,672,225.2,802.0,4812,334.1818181818182,369.0,166.4,2550,1126,64240
443,592,356,148.0,524,125,87.33333333333333,248.0,992,111.6,94.0,33.333333333333336,592,524,512
31748,112,56,56.0,54,54,54.0,64.0,128,55.333333333333336,2.0,0.0,112,54,11
443,348,294,174.0,371,315,185.5,300.0,600,179.75,120.0,131.5,348,371,516
31751,112,56,56.0,54,54,54.0,64.0,128,55.333333333333336,2.0,0.0,112,54,107
33105,225,93,75.0,216,54,54.0,102.0,306,63.0,21.0,0.0,225,216,76
31855,112,56,56.0,54,54,54.0,64.0,128,55.333333333333336,2.0,0.0,112,54,16386
443,1837,852,204.11111111111111,4230,1474,384.54545454545456,360.22222222222223,3242,303.35,148.77777777777777,329.45454545454544,1837,4230,64240
30583,122,66,61.0,109,55,54.5,74.0,148,57.75,1.0,0.5,122,109,291
31501,122,66,61.0,109,55,54.5,74.0,148,57.75,1.0,0.5,122,109,298
30888,122,66,61.0,109,55,54.5,74.0,148,57.75,1.0,0.5,122,109,232
31839,56,56,56.0,54,54,54.0,64.0,64,55.0,2.0,0.0,56,54,509
49692,112,56,56.0,54,54,54.0,64.0,128,55.333333333333336,2.0,0.0,112,54,260
31091,112,56,56.0,54,54,54.0,64.0,128,55.333333333333336,2.0,0.0,112,54,346
30241,112,56,56.0,54,54,54.0,64.0,128,55.333333333333336,2.0,0.0,112,54,348
31790,56,56,56.0,54,54,54.0,64.0,64,55.0,2.0,0.0,56,54,83
7487,56,56,56.0,54,54,54.0,64.0,64,55.0,2.0,0.0,56,54,806
443,2550,1466,425.0,1126,672,225.2,802.0,4812,334.1818181818182,369.0,166.4,2550,1126,64240
443,592,356,148.0,524,125,87.33333333333333,248.0,992,111.6,94.0,33.333333333333336,592,524,512
31748,112,56,56.0,54,54,54.0,64.0,128,55.333333333333336,2.0,0.0,112,54,11
443,348,294,174.0,371,315,185.5,300.0,600,179.75,120.0,131.5,348,371,516
31751,112,56,56.0,54,54,54.0,64.0,128,55.333333333333336,2.0,0.0,112,54,107
33105,225,93,75.0,216,54,54.0,102.0,306,63.0,21.0,0.0,225,216,76
31855,112,56,56.0,54,54,54.0,64.0,128,55.333333333333336,2.0,0.0,112,54,16386
443,1837,852,204.11111111111111,4230,1474,384.54545454545456,360.22222222222223,3242,303.35,148.77777777777777,329.45454545454544,1837,4230,64240
30583,122,66,61.0,109,55,54.5,74.0,148,57.75,1.0,0.5,122,109,291
31501,122,66,61.0,109,55,54.5,74.0,148,57.75,1.0,0.5,122,109,298
30888,122,66,61.0,109,55,54.5,74.0,148,57.75,1.0,0.5,122,109,232
31839,56,56,56.0,54,54,54.0,64.0,64,55.0,2.0,0.0,56,54,509
49692,112,56,56.0,54,54,54.0,64.0,128,55.333333333333336,2.0,0.0,112,54,260
31091,112,56,56.0,54,54,54.0,64.0,128,55.333333333333336,2.0,0.0,112,54,346
30241,112,56,56.0,54,54,54.0,64.0,128,55.333333333333336,2.0,0.0,112,54,348
31790,56,56,56.0,54,54,54.0,64.0,64,55.0,2.0,0.0,56,54,83
7487,56,56,56.0,54,54,54.0,64.0,64,55.0,2.0,0.0,56,54,806
443,2550,1466,425.0,1126,672,225.2,802.0,4812,334.1818181818182,369.0,166.4,2550,1126,64240
443,592,356,148.0,524,125,87.33333333333333,248.0,992,111.6,94.0,33.333333333333336,592,524,512
31748,112,56,56.0,54,54,54.0,64.0,128,55.333333333333336,2.0,0.0,112,54,11
443,348,294,174.0,371,315,185.5,300.0,600,179.75,120.0,131.5,348,371,516
31751,112,56,56.0,54,54,54.0,64.0,128,55.333333333333336,2.0,0.0,112,54,107
33105,225,93,75.0,216,54,54.0,102.0,306,63.0,21.0,0.0,225,216,76
31855,112,56,56.0,54,54,54.0,64.0,128,55.333333333333336,2.0,0.0,112,54,16386
31858,112,56,56.0,54,54,54.0,64.0,128,55.333333333333336,2.0,0.0,112,54,63
443,1837,852,204.11111111111111,4230,1474,384.54545454545456,360.22222222222223,3242,303.35,148.77777777777777,329.45454545454544,1837,4230,64240
30583,122,66,61.0,109,55,54.5,74.0,148,57.75,1.0,0.5,122,109,291
31501,122,66,61.0,109,55,54.5,74.0,148,57.75,1.0,0.5,122,109,298
30888,122,66,61.0,109,55,54.5,74.0,148,57.75,1.0,0.5,122,109,232
31839,56,56,56.0,54,54,54.0,64.0,64,55.0,2.0,0.0,56,54,509
49692,112,56,56.0,54,54,54.0,64.0,128,55.333333333333336,2.0,0.0,112,54,260
31091,112,56,56.0,54,54,54.0,64.0,128,55.333333333333336,2.0,0.0,112,54,346
30241,112,56,56.0,54,54,54.0,64.0,128,55.333333333333336,2.0,0.0,112,54,348
31790,56,56,56.0,54,54,54.0,64.0,64,55.0,2.0,0.0,56,54,83
7487,56,56,56.0,54,54,54.0,64.0,64,55.0,2.0,0.0,56,54,806
443,2550,1466,425.0,1126,672,225.2,802.0,4812,334.1818181818182,369.0,166.4,2550,1126,64240
443,592,356,148.0,524,125,87.33333333333333,248.0,992,111.6,94.0,33.333333333333336,592,524,512
31748,112,56,56.0,54,54,54.0,64.0,128,55.333333333333336,2.0,0.0,112,54,11
443,348,294,174.0,371,315,185.5,300.0,600,179.75,120.0,131.5,348,371,516
31751,112,56,56.0,54,54,54.0,64.0,128,55.333333333333336,2.0,0.0,112,54,107
33105,225,93,75.0,216,54,54.0,102.0,306,63.0,21.0,0.0,225,216,76
31855,112,56,56.0,54,54,54.0,64.0,128,55.333333333333336,2.0,0.0,112,54,16386
31858,112,56,56.0,54,54,54.0,64.0,128,55.333333333333336,2.0,0.0,112,54,63
12077,56,56,56.0,54,54,54.0,64.0,64,55.0,2.0,0.0,56,54,49
31864,112,56,56.0,54,54,54.0,64.0,128,55.333333333333336,2.0,0.0,112,54,16386
443,1837,852,204.11111111111111,4230,1474,384.54545454545456,360.22222222222223,3242,303.35,148.77777777777777,329.45454545454544,1837,4230,64240
30583,122,66,61.0,109,55,54.5,74.0,148,57.75,1.0,0.5,122,109,291
31501,122,66,61.0,109,55,54.5,74.0,148,57.75,1.0,0.5,122,109,298
30888,122,66,61.0,109,55,54.5,74.0,148,57.75,1.0,0.5,122,109,232
31839,56,56,56.0,54,54,54.0,64.0,64,55.0,2.0,0.0,56,54,509
49692,112,56,56.0,54,54,54.0,64.0,128,55.333333333333336,2.0,0.0,112,54,260
31091,112,56,56.0,54,54,54.0,64.0,128,55.333333333333336,2.0,0.0,112,54,346
30241,112,56,56.0,54,54,54.0,64.0,128,55.333333333333336,2.0,0.0,112,54,348
31790,56,56,56.0,54,54,54.0,64.0,64,55.0,2.0,0.0,56,54,83
7487,56,56,56.0,54,54,54.0,64.0,64,55.0,2.0,0.0,56,54,806
443,2550,1466,425.0,1126,672,225.2,802.0,4812,334.1818181818182,369.0,166.4,2550,1126,64240
443,592,356,148.0,524,125,87.33333333333333,248.0,992,111.6,94.0,33.333333333333336,592,524,512
31748,112,56,56.0,54,54,54.0,64.0,128,55.333333333333336,2.0,0.0,112,54,11
443,348,294,174.0,371,315,185.5,300.0,600,179.75,120.0,131.5,348,371,516
31751,112,56,56.0,54,54,54.0,64.0,128,55.333333333333336,2.0,0.0,112,54,107
33105,225,93,75.0,216,54,54.0,102.0,306,63.0,21.0,0.0,225,216,76
31855,112,56,56.0,54,54,54.0,64.0,128,55.333333333333336,2.0,0.0,112,54,16386
31858,112,56,56.0,54,54,54.0,64.0,128,55.333333333333336,2.0,0.0,112,54,63
12077,56,56,56.0,54,54,54.0,64.0,64,55.0,2.0,0.0,56,54,49
31864,112,56,56.0,54,54,54.0,64.0,128,55.333333333333336,2.0,0.0,112,54,16386
31772,56,56,56.0,54,54,54.0,64.0,64,55.0,2.0,0.0,56,54,501
443,1837,852,204.11111111111111,4230,1474,384.54545454545456,360.22222222222223,3242,303.35,148.77777777777777,329.45454545454544,1837,4230,64240
30583,122,66,61.0,109,55,54.5,74.0,148,57.75,1.0,0.5,122,109,291
31501,122,66,61.0,109,55,54.5,74.0,148,57.75,1.0,0.5,122,109,298
30888,122,66,61.0,109,55,54.5,74.0,148,57.75,1.0,0.5,122,109,232
31839,56,56,56.0,54,54,54.0,64.0,64,55.0,2.0,0.0,56,54,509
49692,112,56,56.0,54,54,54.0,64.0,128,55.333333333333336,2.0,0.0,112,54,260
31091,112,56,56.0,54,54,54.0,64.0,128,55.333333333333336,2.0,0.0,112,54,346
30241,112,56,56.0,54,54,54.0,64.0,128,55.333333333333336,2.0,0.0,112,54,348
31790,122,66,61.0,109,55,54.5,74.0,148,57.75,1.0,0.5,122,109,83
7487,56,56,56.0,54,54,54.0,64.0,64,55.0,2.0,0.0,56,54,806
443,2550,1466,425.0,1126,672,225.2,802.0,4812,334.1818181818182,369.0,166.4,2550,1126,64240
443,592,356,148.0,524,125,87.33333333333333,248.0,992,111.6,94.0,33.333333333333336,592,524,512
31748,112,56,56.0,54,54,54.0,64.0,128,55.333333333333336,2.0,0.0,112,54,11
443,348,294,174.0,371,315,185.5,300.0,600,179.75,120.0,131.5,348,371,516
31751,112,56,56.0,54,54,54.0,64.0,128,55.333333333333336,2.0,0.0,112,54,107
33105,225,93,75.0,216,54,54.0,102.0,306,63.0,21.0,0.0,225,216,76
31855,112,56,56.0,54,54,54.0,64.0,128,55.333333333333336,2.0,0.0,112,54,16386
31858,112,56,56.0,54,54,54.0,64.0,128,55.333333333333336,2.0,0.0,112,54,63
12077,56,56,56.0,54,54,54.0,64.0,64,55.0,2.0,0.0,56,54,49
31864,112,56,56.0,54,54,54.0,64.0,128,55.333333333333336,2.0,0.0,112,54,16386
31772,56,56,56.0,54,54,54.0,64.0,64,55.0,2.0,0.0,56,54,501
7492,112,56,56.0,54,54,54.0,64.0,128,55.333333333333336,2.0,0.0,112,54,1043
443,1837,852,204.11111111111111,4230,1474,384.54545454545456,360.22222222222223,3242,303.35,148.77777777777777,329.45454545454544,1837,4230,64240
30583,122,66,61.0,109,55,54.5,74.0,148,57.75,1.0,0.5,122,109,291
31501,122,66,61.0,109,55,54.5,74.0,148,57.75,1.0,0.5,122,109,298
30888,122,66,61.0,109,55,54.5,74.0,148,57.75,1.0,0.5,122,109,232
31839,56,56,56.0,54,54,54.0,64.0,64,55.0,2.0,0.0,56,54,509
49692,112,56,56.0,54,54,54.0,64.0,128,55.333333333333336,2.0,0.0,112,54,260
31091,112,56,56.0,54,54,54.0,64.0,128,55.333333333333336,2.0,0.0,112,54,346
30241,112,56,56.0,54,54,54.0,64.0,128,55.333333333333336,2.0,0.0,112,54,348
31790,122,66,61.0,109,55,54.5,74.0,148,57.75,1.0,0.5,122,109,83
7487,56,56,56.0,54,54,54.0,64.0,64,55.0,2.0,0.0,56,54,806
443,2550,1466,425.0,1126,672,225.2,802.0,4812,334.1818181818182,369.0,166.4,2550,1126,64240
443,592,356,148.0,524,125,87.33333333333333,248.0,992,111.6,94.0,33.333333333333336,592,524,512
31748,112,56,56.0,54,54,54.0,64.0,128,55.333333333333336,2.0,0.0,112,54,11
443,348,294,174.0,371,315,185.5,300.0,600,179.75,120.0,131.5,348,371,516
31751,112,56,56.0,54,54,54.0,64.0,128,55.333333333333336,2.0,0.0,112,54,107
33105,225,93,75.0,216,54,54.0,102.0,306,63.0,21.0,0.0,225,216,76
31855,112,56,56.0,54,54,54.0,64.0,128,55.333333333333336,2.0,0.0,112,54,16386
31858,112,56,56.0,54,54,54.0,64.0,128,55.333333333333336,2.0,0.0,112,54,63
12077,56,56,56.0,54,54,54.0,64.0,64,55.0,2.0,0.0,56,54,49
31864,112,56,56.0,54,54,54.0,64.0,128,55.333333333333336,2.0,0.0,112,54,16386
31772,56,56,56.0,54,54,54.0,64.0,64,55.0,2.0,0.0,56,54,501
7492,112,56,56.0,54,54,54.0,64.0,128,55.333333333333336,2.0,0.0,112,54,1043
443,1837,852,204.11111111111111,4230,1474,384.54545454545456,360.22222222222223,3242,303.35,148.77777777777777,329.45454545454544,1837,4230,64240
30583,122,66,61.0,109,55,54.5,74.0,148,57.75,1.0,0.5,122,109,291
31501,122,66,61.0,109,55,54.5,74.0,148,57.75,1.0,0.5,122,109,298
30888,122,66,61.0,109,55,54.5,74.0,148,57.75,1.0,0.5,122,109,232
31839,56,56,56.0,54,54,54.0,64.0,64,55.0,2.0,0.0,56,54,509
49692,112,56,56.0,54,54,54.0,64.0,128,55.333333333333336,2.0,0.0,112,54,260
31091,112,56,56.0,54,54,54.0,64.0,128,55.333333333333336,2.0,0.0,112,54,346
30241,112,56,56.0,54,54,54.0,64.0,128,55.333333333333336,2.0,0.0,112,54,348
31790,122,66,61.0,109,55,54.5,74.0,148,57.75,1.0,0.5,122,109,83
7487,122,66,61.0,109,55,54.5,74.0,148,57.75,1.0,0.5,122,109,806
443,2550,1466,425.0,1126,672,225.2,802.0,4812,334.1818181818182,369.0,166.4,2550,1126,64240
443,592,356,148.0,524,125,87.33333333333333,248.0,992,111.6,94.0,33.333333333333336,592,524,512
31748,112,56,56.0,54,54,54.0,64.0,128,55.333333333333336,2.0,0.0,112,54,11
443,348,294,174.0,371,315,185.5,300.0,600,179.75,120.0,131.5,348,371,516
31751,112,56,56.0,54,54,54.0,64.0,128,55.333333333333336,2.0,0.0,112,54,107
33105,225,93,75.0,216,54,54.0,102.0,306,63.0,21.0,0.0,225,216,76
31855,112,56,56.0,54,54,54.0,64.0,128,55.333333333333336,2.0,0.0,112,54,16386
31858,112,56,56.0,54,54,54.0,64.0,128,55.333333333333336,2.0,0.0,112,54,63
12077,56,56,56.0,54,54,54.0,64.0,64,55.0,2.0,0.0,56,54,49
31864,112,56,56.0,54,54,54.0,64.0,128,55.333333333333336,2.0,0.0,112,54,16386
31772,56,56,56.0,54,54,54.0,64.0,64,55.0,2.0,0.0,56,54,501
7492,112,56,56.0,54,54,54.0,64.0,128,55.333333333333336,2.0,0.0,112,54,1043
443,1837,852,204.11111111111111,4230,1474,384.54545454545456,360.22222222222223,3242,303.35,148.77777777777777,329.45454545454544,1837,4230,64240
30583,122,66,61.0,109,55,54.5,74.0,148,57.75,1.0,0.5,122,109,291
31501,122,66,61.0,109,55,54.5,74.0,148,57.75,1.0,0.5,122,109,298
30888,122,66,61.0,109,55,54.5,74.0,148,57.75,1.0,0.5,122,109,232
31839,56,56,56.0,54,54,54.0,64.0,64,55.0,2.0,0.0,56,54,509
49692,112,56,56.0,54,54,54.0,64.0,128,55.333333333333336,2.0,0.0,112,54,260
31091,112,56,56.0,54,54,54.0,64.0,128,55.333333333333336,2.0,0.0,112,54,346
30241,112,56,56.0,54,54,54.0,64.0,128,55.333333333333336,2.0,0.0,112,54,348
31790,122,66,61.0,109,55,54.5,74.0,148,57.75,1.0,0.5,122,109,83
7487,122,66,61.0,109,55,54.5,74.0,148,57.75,1.0,0.5,122,109,806
443,2550,1466,425.0,1126,672,225.2,802.0,4812,334.1818181818182,369.0,166.4,2550,1126,64240
443,592,356,148.0,524,125,87.33333333333333,248.0,992,111.6,94.0,33.333333333333336,592,524,512
31748,112,56,56.0,54,54,54.0,64.0,128,55.333333333333336,2.0,0.0,112,54,11
443,348,294,174.0,371,315,185.5,300.0,600,179.75,120.0,131.5,348,371,516
31751,112,56,56.0,54,54,54.0,64.0,128,55.333333333333336,2.0,0.0,112,54,107
33105,225,93,75.0,216,54,54.0,102.0,306,63.0,21.0,0.0,225,216,76
31855,112,56,56.0,54,54,54.0,64.0,128,55.333333333333336,2.0,0.0,112,54,16386
31858,112,56,56.0,54,54,54.0,64.0,128,55.333333333333336,2.0,0.0,112,54,63
12077,56,56,56.0,54,54,54.0,64.0,64,55.0,2.0,0.0,56,54,49
31864,112,56,56.0,54,54,54.0,64.0,128,55.333333333333336,2.0,0.0,112,54,16386
31772,56,56,56.0,54,54,54.0,64.0,64,55.0,2.0,0.0,56,54,501
7492,112,56,56.0,54,54,54.0,64.0,128,55.333333333333336,2.0,0.0,112,54,1043
443,1837,852,204.11111111111111,4230,1474,384.54545454545456,360.22222222222223,3242,303.35,148.77777777777777,329.45454545454544,1837,4230,64240
30583,122,66,61.0,109,55,54.5,74.0,148,57.75,1.0,0.5,122,109,291
31501,122,66,61.0,109,55,54.5,74.0,148,57.75,1.0,0.5,122,109,298
30888,122,66,61.0,109,55,54.5,74.0,148,57.75,1.0,0.5,122,109,232
31839,56,56,56.0,54,54,54.0,64.0,64,55.0,2.0,0.0,56,54,509
49692,112,56,56.0,54,54,54.0,64.0,128,55.333333333333336,2.0,0.0,112,54,260
31091,112,56,56.0,54,54,54.0,64.0,128,55.333333333333336,2.0,0.0,112,54,346
30241,112,56,56.0,54,54,54.0,64.0,128,55.333333333333336,2.0,0.0,112,54,348
31790,122,66,61.0,109,55,54.5,74.0,148,57.75,1.0,0.5,122,109,83
7487,122,66,61.0,109,55,54.5,74.0,148,57.75,1.0,0.5,122,109,806
443,2550,1466,425.0,1126,672,225.2,802.0,4812,334.1818181818182,369.0,166.4,2550,1126,64240
443,592,356,148.0,524,125,87.33333333333333,248.0,992,111.6,94.0,33.333333333333336,592,524,512
31748,112,56,56.0,54,54,54.0,64.0,128,55.333333333333336,2.0,0.0,112,54,11
443,348,294,174.0,371,315,185.5,300.0,600,179.75,120.0,131.5,348,371,516
31751,112,56,56.0,54,54,54.0,64.0,128,55.333333333333336,2.0,0.0,112,54,107
33105,225,93,75.0,216,54,54.0,102.0,306,63.0,21.0,0.0,225,216,76
31855,112,56,56.0,54,54,54.0,64.0,128,55.333333333333336,2.0,0.0,112,54,16386
31858,112,56,56.0,54,54,54.0,64.0,128,55.333333333333336,2.0,0.0,112,54,63
12077,56,56,56.0,54,54,54.0,64.0,64,55.0,2.0,0.0,56,54,49
31864,112,56,56.0,54,54,54.0,64.0,128,55.333333333333336,2.0,0.0,112,54,16386
31772,56,56,56.0,54,54,54.0,64.0,64,55.0,2.0,0.0,56,54,501
7492,112,56,56.0,54,54,54.0,64.0,128,55.333333333333336,2.0,0.0,112,54,1043
12074,112,56,56.0,54,54,54.0,64.0,128,55.333333333333336,2.0,0.0,112,54,257
7493,56,56,56.0,54,54,54.0,64.0,64,55.0,2.0,0.0,56,54,1248
443,1837,852,204.11111111111111,4230,1474,384.54545454545456,360.22222222222223,3242,303.35,148.77777777777777,329.45454545454544,1837,4230,64240
30583,122,66,61.0,109,55,54.5,74.0,148,57.75,1.0,0.5,122,109,291
31501,122,66,61.0,109,55,54.5,74.0,148,57.75,1.0,0.5,122,109,298
30888,122,66,61.0,109,55,54.5,74.0,148,57.75,1.0,0.5,122,109,232
31839,56,56,56.0,54,54,54.0,64.0,64,55.0,2.0,0.0,56,54,509
49692,112,56,56.0,54,54,54.0,64.0,128,55.333333333333336,2.0,0.0,112,54,260
31091,112,56,56.0,54,54,54.0,64.0,128,55.333333333333336,2.0,0.0,112,54,346
30241,112,56,56.0,54,54,54.0,64.0,128,55.333333333333336,2.0,0.0,112,54,348
31790,122,66,61.0,109,55,54.5,74.0,148,57.75,1.0,0.5,122,109,83
7487,122,66,61.0,109,55,54.5,74.0,148,57.75,1.0,0.5,122,109,806
443,2550,1466,425.0,1126,672,225.2,802.0,4812,334.1818181818182,369.0,166.4,2550,1126,64240
443,592,356,148.0,524,125,87.33333333333333,248.0,992,111.6,94.0,33.333333333333336,592,524,512
31748,112,56,56.0,54,54,54.0,64.0,128,55.333333333333336,2.0,0.0,112,54,11
443,348,294,174.0,371,315,185.5,300.0,600,179.75,120.0,131.5,348,371,516
31751,112,56,56.0,54,54,54.0,64.0,128,55.333333333333336,2.0,0.0,112,54,107
33105,225,93,75.0,216,54,54.0,102.0,306,63.0,21.0,0.0,225,216,76
31855,112,56,56.0,54,54,54.0,64.0,128,55.333333333333336,2.0,0.0,112,54,16386
31858,112,56,56.0,54,54,54.0,64.0,128,55.333333333333336,2.0,0.0,112,54,63
12077,56,56,56.0,54,54,54.0,64.0,64,55.0,2.0,0.0,56,54,49
31864,112,56,56.0,54,54,54.0,64.0,128,55.333333333333336,2.0,0.0,112,54,16386
31772,56,56,56.0,54,54,54.0,64.0,64,55.0,2.0,0.0,56,54,501
7492,112,56,56.0,54,54,54.0,64.0,128,55.333333333333336,2.0,0.0,112,54,1043
12074,112,56,56.0,179,125,89.5,64.0,128,72.75,2.0,35.5,112,179,257
7493,56,56,56.0,54,54,54.0,64.0,64,55.0,2.0,0.0,56,54,1248
443,1837,852,204.11111111111111,4230,1474,384.54545454545456,360.22222222222223,3242,303.35,148.77777777777777,329.45454545454544,1837,4230,64240
30583,122,66,61.0,109,55,54.5,74.0,148,57.75,1.0,0.5,122,109,291
31501,122,66,61.0,109,55,54.5,74.0,148,57.75,1.0,0.5,122,109,298
30888,122,66,61.0,109,55,54.5,74.0,148,57.75,1.0,0.5,122,109,232
31839,56,56,56.0,54,54,54.0,64.0,64,55.0,2.0,0.0,56,54,509
49692,112,56,56.0,54,54,54.0,64.0,128,55.333333333333336,2.0,0.0,112,54,260
31091,112,56,56.0,54,54,54.0,64.0,128,55.333333333333336,2.0,0.0,112,54,346
30241,112,56,56.0,54,54,54.0,64.0,128,55.333333333333336,2.0,0.0,112,54,348
31790,122,66,61.0,109,55,54.5,74.0,148,57.75,1.0,0.5,122,109,83
7487,122,66,61.0,109,55,54.5,74.0,148,57.75,1.0,0.5,122,109,806
443,2550,1466,425.0,1126,672,225.2,802.0,4812,334.1818181818182,369.0,166.4,2550,1126,64240
443,592,356,148.0,524,125,87.33333333333333,248.0,992,111.6,94.0,33.333333333333336,592,524,512
31748,112,56,56.0,54,54,54.0,64.0,128,55.333333333333336,2.0,0.0,112,54,11
443,348,294,174.0,371,315,185.5,300.0,600,179.75,120.0,131.5,348,371,516
31751,112,56,56.0,54,54,54.0,64.0,128,55.333333333333336,2.0,0.0,112,54,107
33105,225,93,75.0,216,54,54.0,102.0,306,63.0,21.0,0.0,225,216,76
31855,112,56,56.0,54,54,54.0,64.0,128,55.333333333333336,2.0,0.0,112,54,16386
31858,112,56,56.0,54,54,54.0,64.0,128,55.333333333333336,2.0,0.0,112,54,63
12077,205,149,102.5,180,126,90.0,157.0,314,96.25,48.5,36.0,205,180,49
31864,112,56,56.0,54,54,54.0,64.0,128,55.333333333333336,2.0,0.0,112,54,16386
31772,56,56,56.0,54,54,54.0,64.0,64,55.0,2.0,0.0,56,54,501
7492,112,56,56.0,54,54,54.0,64.0,128,55.333333333333336,2.0,0.0,112,54,1043
12074,260,148,86.66666666666667,233,125,77.66666666666667,125.33333333333333,376,82.16666666666667,32.666666666666664,23.666666666666668,260,233,257
7493,56,56,56.0,54,54,54.0,64.0,64,55.0,2.0,0.0,56,54,1248
443,1837,852,204.11111111111111,4230,1474,384.54545454545456,360.22222222222223,3242,303.35,148.77777777777777,329.45454545454544,1837,4230,64240
30583,122,66,61.0,109,55,54.5,74.0,148,57.75,1.0,0.5,122,109,291
31501,122,66,61.0,109,55,54.5,74.0,148,57.75,1.0,0.5,122,109,298
30888,122,66,61.0,109,55,54.5,74.0,148,57.75,1.0,0.5,122,109,232
31839,56,56,56.0,54,54,54.0,64.0,64,55.0,2.0,0.0,56,54,509
49692,112,56,56.0,54,54,54.0,64.0,128,55.333333333333336,2.0,0.0,112,54,260
31091,112,56,56.0,54,54,54.0,64.0,128,55.333333333333336,2.0,0.0,112,54,346
30241,112,56,56.0,54,54,54.0,64.0,128,55.333333333333336,2.0,0.0,112,54,348
31790,122,66,61.0,109,55,54.5,74.0,148,57.75,1.0,0.5,122,109,83
7487,122,66,61.0,109,55,54.5,74.0,148,57.75,1.0,0.5,122,109,806
443,2550,1466,425.0,1126,672,225.2,802.0,4812,334.1818181818182,369.0,166.4,2550,1126,64240
443,592,356,148.0,524,125,87.33333333333333,248.0,992,111.6,94.0,33.333333333333336,592,524,512
31748,112,56,56.0,54,54,54.0,64.0,128,55.333333333333336,2.0,0.0,112,54,11
443,696,294,174.0,742,315,185.5,300.0,1200,179.75,120.0,131.5,696,742,516
31751,112,56,56.0,54,54,54.0,64.0,128,55.333333333333336,2.0,0.0,112,54,107
33105,225,93,75.0,216,54,54.0,102.0,306,63.0,21.0,0.0,225,216,76
31855,112,56,56.0,54,54,54.0,64.0,128,55.333333333333336,2.0,0.0,112,54,16386
31858,112,56,56.0,54,54,54.0,64.0,128,55.333333333333336,2.0,0.0,112,54,63
12077,205,149,102.5,234,126,78.0,157.0,314,87.8,48.5,24.0,205,234,49
31864,112,56,56.0,54,54,54.0,64.0,128,55.333333333333336,2.0,0.0,112,54,16386
31772,56,56,56.0,54,54,54.0,64.0,64,55.0,2.0,0.0,56,54,501
7492,112,56,56.0,54,54,54.0,64.0,128,55.333333333333336,2.0,0.0,112,54,1043
12074,260,148,86.66666666666667,233,125,77.66666666666667,125.33333333333333,376,82.16666666666667,32.666666666666664,23.666666666666668,260,233,257
7493,56,56,56.0,54,54,54.0,64.0,64,55.0,2.0,0.0,56,54,1248
443,1837,852,204.11111111111111,4230,1474,384.54545454545456,360.22222222222223,3242,303.35,148.77777777777777,329.45454545454544,1837,4230,64240
30583,122,66,61.0,109,55,54.5,74.0,148,57.75,1.0,0.5,122,109,291
31501,122,66,61.0,109,55,54.5,74.0,148,57.75,1.0,0.5,122,109,298
30888,122,66,61.0,109,55,54.5,74.0,148,57.75,1.0,0.5,122,109,232
31839,56,56,56.0,54,54,54.0,64.0,64,55.0,2.0,0.0,56,54,509
49692,112,56,56.0,54,54,54.0,64.0,128,55.333333333333336,2.0,0.0,112,54,260
31091,112,56,56.0,54,54,54.0,64.0,128,55.333333333333336,2.0,0.0,112,54,346
30241,112,56,56.0,54,54,54.0,64.0,128,55.333333333333336,2.0,0.0,112,54,348
31790,122,66,61.0,109,55,54.5,74.0,148,57.75,1.0,0.5,122,109,83
7487,122,66,61.0,109,55,54.5,74.0,148,57.75,1.0,0.5,122,109,806
443,2550,1466,425.0,1126,672,225.2,802.0,4812,334.1818181818182,369.0,166.4,2550,1126,64240
443,592,356,148.0,524,125,87.33333333333333,248.0,992,111.6,94.0,33.333333333333336,592,524,512
31748,112,56,56.0,54,54,54.0,64.0,128,55.333333333333336,2.0,0.0,112,54,11
443,696,294,174.0,742,315,185.5,300.0,1200,179.75,120.0,131.5,696,742,516
31751,112,56,56.0,54,54,54.0,64.0,128,55.333333333333336,2.0,0.0,112,54,107
33105,225,93,75.0,216,54,54.0,102.0,306,63.0,21.0,0.0,225,216,76
31855,112,56,56.0,54,54,54.0,64.0,128,55.333333333333336,2.0,0.0,112,54,16386
31858,112,56,56.0,54,54,54.0,64.0,128,55.333333333333336,2.0,0.0,112,54,63
12077,205,149,102.5,234,126,78.0,157.0,314,87.8,48.5,24.0,205,234,49
31864,112,56,56.0,54,54,54.0,64.0,128,55.333333333333336,2.0,0.0,112,54,16386
31772,56,56,56.0,54,54,54.0,64.0,64,55.0,2.0,0.0,56,54,501
7492,112,56,56.0,54,54,54.0,64.0,128,55.333333333333336,2.0,0.0,112,54,1043
12074,260,148,86.66666666666667,233,125,77.66666666666667,125.33333333333333,376,82.16666666666667,32.666666666666664,23.666666666666668,260,233,257
7493,56,56,56.0,54,54,54.0,64.0,64,55.0,2.0,0.0,56,54,1248
443,1837,852,204.11111111111111,4230,1474,384.54545454545456,360.22222222222223,3242,303.35,148.77777777777777,329.45454545454544,1837,4230,64240
30583,571,393,142.75,779,616,194.75,237.5,950,168.75,85.75,140.75,571,779,291
31501,122,66,61.0,109,55,54.5,74.0,148,57.75,1.0,0.5,122,109,298
30888,122,66,61.0,109,55,54.5,74.0,148,57.75,1.0,0.5,122,109,232
31839,56,56,56.0,54,54,54.0,64.0,64,55.0,2.0,0.0,56,54,509
49692,112,56,56.0,54,54,54.0,64.0,128,55.333333333333336,2.0,0.0,112,54,260
31091,112,56,56.0,54,54,54.0,64.0,128,55.333333333333336,2.0,0.0,112,54,346
30241,112,56,56.0,54,54,54.0,64.0,128,55.333333333333336,2.0,0.0,112,54,348
31790,122,66,61.0,109,55,54.5,74.0,148,57.75,1.0,0.5,122,109,83
7487,122,66,61.0,109,55,54.5,74.0,148,57.75,1.0,0.5,122,109,806
443,2550,1466,425.0,1126,672,225.2,802.0,4812,334.1818181818182,369.0,166.4,2550,1126,64240
443,592,356,148.0,524,125,87.33333333333333,248.0,992,111.6,94.0,33.333333333333336,592,524,512
31748,112,56,56.0,54,54,54.0,64.0,128,55.333333333333336,2.0,0.0,112,54,11
443,696,294,174.0,742,315,185.5,300.0,1200,179.75,120.0,131.5,696,742,516
31751,112,56,56.0,54,54,54.0,64.0,128,55.333333333333336,2.0,0.0,112,54,107
33105,225,93,75.0,216,54,54.0,102.0,306,63.0,21.0,0.0,225,216,76
31855,112,56,56.0,54,54,54.0,64.0,128,55.333333333333336,2.0,0.0,112,54,16386
31858,112,56,56.0,54,54,54.0,64.0,128,55.333333333333336,2.0,0.0,112,54,63
12077,205,149,102.5,234,126,78.0,157.0,314,87.8,48.5,24.0,205,234,49
31864,112,56,56.0,54,54,54.0,64.0,128,55.333333333333336,2.0,0.0,112,54,16386
31772,56,56,56.0,54,54,54.0,64.0,64,55.0,2.0,0.0,56,54,501
7492,112,56,56.0,54,54,54.0,64.0,128,55.333333333333336,2.0,0.0,112,54,1043
12074,260,148,86.66666666666667,233,125,77.66666666666667,125.33333333333333,376,82.16666666666667,32.666666666666664,23.666666666666668,260,233,257
7493,56,56,56.0,54,54,54.0,64.0,64,55.0,2.0,0.0,56,54,1248
443,1837,852,204.11111111111111,4230,1474,384.54545454545456,360.22222222222223,3242,303.35,148.77777777777777,329.45454545454544,1837,4230,64240
30583,571,393,142.75,779,616,194.75,237.5,950,168.75,85.75,140.75,571,779,291
31501,597,307,99.5,628,465,157.0,151.0,906,122.5,43.5,103.0,597,628,298
30888,178,66,59.333333333333336,163,55,54.333333333333336,70.66666666666667,212,56.833333333333336,1.3333333333333333,0.3333333333333333,178,163,232
31839,56,56,56.0,54,54,54.0,64.0,64,55.0,2.0,0.0,56,54,509
49692,112,56,56.0,54,54,54.0,64.0,128,55.333333333333336,2.0,0.0,112,54,260
31091,112,56,56.0,54,54,54.0,64.0,128,55.333333333333336,2.0,0.0,112,54,346
30241,112,56,56.0,54,54,54.0,64.0,128,55.333333333333336,2.0,0.0,112,54,348
31790,122,66,61.0,109,55,54.5,74.0,148,57.75,1.0,0.5,122,109,83
7487,122,66,61.0,109,55,54.5,74.0,148,57.75,1.0,0.5,122,109,806
443,2550,1466,425.0,1126,672,225.2,802.0,4812,334.1818181818182,369.0,166.4,2550,1126,64240
443,592,356,148.0,524,125,87.33333333333333,248.0,992,111.6,94.0,33.333333333333336,592,524,512
31748,112,56,56.0,54,54,54.0,64.0,128,55.333333333333336,2.0,0.0,112,54,11
443,696,294,174.0,742,315,185.5,300.0,1200,179.75,120.0,131.5,696,742,516
31751,112,56,56.0,54,54,54.0,64.0,128,55.333333333333336,2.0,0.0,112,54,107
33105,225,93,75.0,216,54,54.0,102.0,306,63.0,21.0,0.0,225,216,76
31855,112,56,56.0,54,54,54.0,64.0,128,55.333333333333336,2.0,0.0,112,54,16386
31858,112,56,56.0,54,54,54.0,64.0,128,55.333333333333336,2.0,0.0,112,54,63
12077,205,149,102.5,234,126,78.0,157.0,314,87.8,48.5,24.0,205,234,49
31864,112,56,56.0,54,54,54.0,64.0,128,55.333333333333336,2.0,0.0,112,54,16386
31772,56,56,56.0,54,54,54.0,64.0,64,55.0,2.0,0.0,56,54,501
7492,112,56,56.0,54,54,54.0,64.0,128,55.333333333333336,2.0,0.0,112,54,1043
12074,260,148,86.66666666666667,233,125,77.66666666666667,125.33333333333333,376,82.16666666666667,32.666666666666664,23.666666666666668,260,233,257
7493,56,56,56.0,54,54,54.0,64.0,64,55.0,2.0,0.0,56,54,1248
443,1837,852,204.11111111111111,4230,1474,384.54545454545456,360.22222222222223,3242,303.35,148.77777777777777,329.45454545454544,1837,4230,64240
30583,2185,1278,364.1666666666667,1558,725,259.6666666666667,680.3333333333334,4082,311.9166666666667,308.1666666666667,205.66666666666666,2185,1558,291
31501,597,307,99.5,628,465,157.0,151.0,906,122.5,43.5,103.0,597,628,298
30888,627,393,125.4,563,346,112.6,202.8,1014,119.0,69.0,58.6,627,563,232
31839,56,56,56.0,54,54,54.0,64.0,64,55.0,2.0,0.0,56,54,509
49692,112,56,56.0,54,54,54.0,64.0,128,55.333333333333336,2.0,0.0,112,54,260
31091,112,56,56.0,54,54,54.0,64.0,128,55.333333333333336,2.0,0.0,112,54,346
30241,112,56,56.0,54,54,54.0,64.0,128,55.333333333333336,2.0,0.0,112,54,348
31790,122,66,61.0,109,55,54.5,74.0,148,57.75,1.0,0.5,122,109,83
7487,122,66,61.0,109,55,54.5,74.0,148,57.75,1.0,0.5,122,109,806
443,2550,1466,425.0,1126,672,225.2,802.0,4812,334.1818181818182,369.0,166.4,2550,1126,64240
443,592,356,148.0,524,125,87.33333333333333,248.0,992,111.6,94.0,33.333333333333336,592,524,512
31748,112,56,56.0,54,54,54.0,64.0,128,55.333333333333336,2.0,0.0,112,54,11
443,696,294,174.0,742,315,185.5,300.0,1200,179.75,120.0,131.5,696,742,516
31751,112,56,56.0,54,54,54.0,64.0,128,55.333333333333336,2.0,0.0,112,54,107
33105,225,93,75.0,216,54,54.0,102.0,306,63.0,21.0,0.0,225,216,76
31855,112,56,56.0,54,54,54.0,64.0,128,55.333333333333336,2.0,0.0,112,54,16386
31858,112,56,56.0,54,54,54.0,64.0,128,55.333333333333336,2.0,0.0,112,54,63
12077,205,149,102.5,234,126,78.0,157.0,314,87.8,48.5,24.0,205,234,49
31864,112,56,56.0,54,54,54.0,64.0,128,55.333333333333336,2.0,0.0,112,54,16386
31772,56,56,56.0,54,54,54.0,64.0,64,55.0,2.0,0.0,56,54,501
7492,112,56,56.0,54,54,54.0,64.0,128,55.333333333333336,2.0,0.0,112,54,1043
12074,260,148,86.66666666666667,233,125,77.66666666666667,125.33333333333333,376,82.16666666666667,32.666666666666664,23.666666666666668,260,233,257
7493,56,56,56.0,54,54,54.0,64.0,64,55.0,2.0,0.0,56,54,1248
443,1837,852,204.11111111111111,4230,1474,384.54545454545456,360.22222222222223,3242,303.35,148.77777777777777,329.45454545454544,1837,4230,64240
30583,2185,1278,364.1666666666667,1558,725,259.6666666666667,680.3333333333334,4082,311.9166666666667,308.1666666666667,205.66666666666666,2185,1558,291
31501,597,307,99.5,628,465,157.0,151.0,906,122.5,43.5,103.0,597,628,298
30888,627,393,125.4,563,346,112.6,202.8,1014,119.0,69.0,58.6,627,563,232
31839,112,56,56.0,108,54,54.0,64.0,128,55.0,2.0,0.0,112,108,509
49692,224,56,56.0,108,54,54.0,64.0,256,55.333333333333336,2.0,0.0,224,108,260
31091,224,56,56.0,108,54,54.0,64.0,256,55.333333333333336,2.0,0.0,224,108,346
30241,224,56,56.0,108,54,54.0,64.0,256,55.333333333333336,2.0,0.0,224,108,348
31790,122,66,61.0,109,55,54.5,74.0,148,57.75,1.0,0.5,122,109,83
7487,122,66,61.0,109,55,54.5,74.0,148,57.75,1.0,0.5,122,109,806
443,2550,1466,425.0,1126,672,225.2,802.0,4812,334.1818181818182,369.0,166.4,2550,1126,64240
443,592,356,148.0,524,125,87.33333333333333,248.0,992,111.6,94.0,33.333333333333336,592,524,512
31748,112,56,56.0,54,54,54.0,64.0,128,55.333333333333336,2.0,0.0,112,54,11
443,696,294,174.0,742,315,185.5,300.0,1200,179.75,120.0,131.5,696,742,516
31751,112,56,56.0,54,54,54.0,64.0,128,55.333333333333336,2.0,0.0,112,54,107
33105,225,93,75.0,216,54,54.0,102.0,306,63.0,21.0,0.0,225,216,76
31855,112,56,56.0,54,54,54.0,64.0,128,55.333333333333336,2.0,0.0,112,54,16386
31858,112,56,56.0,54,54,54.0,64.0,128,55.333333333333336,2.0,0.0,112,54,63
12077,205,149,102.5,234,126,78.0,157.0,314,87.8,48.5,24.0,205,234,49
31864,112,56,56.0,54,54,54.0,64.0,128,55.333333333333336,2.0,0.0,112,54,16386
31772,56,56,56.0,54,54,54.0,64.0,64,55.0,2.0,0.0,56,54,501
7492,112,56,56.0,54,54,54.0,64.0,128,55.333333333333336,2.0,0.0,112,54,1043
12074,260,148,86.66666666666667,233,125,77.66666666666667,125.33333333333333,376,82.16666666666667,32.666666666666664,23.666666666666668,260,233,257
7493,56,56,56.0,54,54,54.0,64.0,64,55.0,2.0,0.0,56,54,1248
33111,110,56,55.0,216,54,54.0,62.0,124,54.333333333333336,1.0,0.0,110,216,501
443,1837,852,204.11111111111111,4230,1474,384.54545454545456,360.22222222222223,3242,303.35,148.77777777777777,329.45454545454544,1837,4230,64240
30583,2185,1278,364.1666666666667,1558,725,259.6666666666667,680.3333333333334,4082,311.9166666666667,308.1666666666667,205.66666666666666,2185,1558,291
31501,597,307,99.5,628,465,157.0,151.0,906,122.5,43.5,103.0,597,628,298
30888,627,393,125.4,563,346,112.6,202.8,1014,119.0,69.0,58.6,627,563,232
31839,112,56,56.0,108,54,54.0,64.0,128,55.0,2.0,0.0,112,108,509
49692,224,56,56.0,108,54,54.0,64.0,256,55.333333333333336,2.0,0.0,224,108,260
31091,845,465,120.71428571428571,1434,1272,358.5,193.42857142857142,1354,207.1818181818182,66.71428571428571,304.5,845,1434,346
30241,224,56,56.0,108,54,54.0,64.0,256,55.333333333333336,2.0,0.0,224,108,348
31790,122,66,61.0,109,55,54.5,74.0,148,57.75,1.0,0.5,122,109,83
7487,122,66,61.0,109,55,54.5,74.0,148,57.75,1.0,0.5,122,109,806
443,2550,1466,425.0,1126,672,225.2,802.0,4812,334.1818181818182,369.0,166.4,2550,1126,64240
443,592,356,148.0,524,125,87.33333333333333,248.0,992,111.6,94.0,33.333333333333336,592,524,512
31748,651,196,93.0,479,181,95.8,138.0,966,94.16666666666667,39.0,41.8,651,479,11
443,696,294,174.0,742,315,185.5,300.0,1200,179.75,120.0,131.5,696,742,516
31751,112,56,56.0,54,54,54.0,64.0,128,55.333333333333336,2.0,0.0,112,54,107
33105,225,93,75.0,216,54,54.0,102.0,306,63.0,21.0,0.0,225,216,76
31855,112,56,56.0,54,54,54.0,64.0,128,55.333333333333336,2.0,0.0,112,54,16386
31858,112,56,56.0,54,54,54.0,64.0,128,55.333333333333336,2.0,0.0,112,54,63
12077,358,153,119.33333333333333,1152,864,230.4,190.66666666666666,572,188.75,65.33333333333333,176.4,358,1152,49
31864,112,56,56.0,54,54,54.0,64.0,128,55.333333333333336,2.0,0.0,112,54,16386
31772,122,66,61.0,109,55,54.5,74.0,148,57.75,1.0,0.5,122,109,501
7492,112,56,56.0,54,54,54.0,64.0,128,55.333333333333336,2.0,0.0,112,54,1043
12074,260,148,86.66666666666667,233,125,77.66666666666667,125.33333333333333,376,82.16666666666667,32.666666666666664,23.666666666666668,260,233,257
7493,56,56,56.0,54,54,54.0,64.0,64,55.0,2.0,0.0,56,54,1248
33111,110,56,55.0,216,54,54.0,62.0,124,54.333333333333336,1.0,0.0,110,216,501
443,1837,852,204.11111111111111,4230,1474,384.54545454545456,360.22222222222223,3242,303.35,148.77777777777777,329.45454545454544,1837,4230,64240
30583,2185,1278,364.1666666666667,1558,725,259.6666666666667,680.3333333333334,4082,311.9166666666667,308.1666666666667,205.66666666666666,2185,1558,291
31501,597,307,99.5,628,465,157.0,151.0,906,122.5,43.5,103.0,597,628,298
30888,627,393,125.4,563,346,112.6,202.8,1014,119.0,69.0,58.6,627,563,232
31839,112,56,56.0,108,54,54.0,64.0,128,55.0,2.0,0.0,112,108,509
49692,224,56,56.0,108,54,54.0,64.0,256,55.333333333333336,2.0,0.0,224,108,260
31091,845,465,120.71428571428571,1434,1272,358.5,193.42857142857142,1354,207.1818181818182,66.71428571428571,304.5,845,1434,346
30241,224,56,56.0,108,54,54.0,64.0,256,55.333333333333336,2.0,0.0,224,108,348
31790,122,66,61.0,109,55,54.5,74.0,148,57.75,1.0,0.5,122,109,83
7487,122,66,61.0,109,55,54.5,74.0,148,57.75,1.0,0.5,122,109,806
443,2550,1466,425.0,1126,672,225.2,802.0,4812,334.1818181818182,369.0,166.4,2550,1126,64240
443,592,356,148.0,524,125,87.33333333333333,248.0,992,111.6,94.0,33.333333333333336,592,524,512
31748,651,196,93.0,479,181,95.8,138.0,966,94.16666666666667,39.0,41.8,651,479,11
443,696,294,174.0,742,315,185.5,300.0,1200,179.75,120.0,131.5,696,742,516
31751,112,56,56.0,54,54,54.0,64.0,128,55.333333333333336,2.0,0.0,112,54,107
33105,225,93,75.0,216,54,54.0,102.0,306,63.0,21.0,0.0,225,216,76
31855,112,56,56.0,54,54,54.0,64.0,128,55.333333333333336,2.0,0.0,112,54,16386
31858,112,56,56.0,54,54,54.0,64.0,128,55.333333333333336,2.0,0.0,112,54,63
12077,358,153,119.33333333333333,1152,864,230.4,190.66666666666666,572,188.75,65.33333333333333,176.4,358,1152,49
31864,112,56,56.0,54,54,54.0,64.0,128,55.333333333333336,2.0,0.0,112,54,16386
31772,122,66,61.0,109,55,54.5,74.0,148,57.75,1.0,0.5,122,109,501
7492,112,56,56.0,54,54,54.0,64.0,128,55.333333333333336,2.0,0.0,112,54,1043
12074,260,148,86.66666666666667,233,125,77.66666666666667,125.33333333333333,376,82.16666666666667,32.666666666666664,23.666666666666668,260,233,257
7493,56,56,56.0,54,54,54.0,64.0,64,55.0,2.0,0.0,56,54,1248
33111,110,56,55.0,216,54,54.0,62.0,124,54.333333333333336,1.0,0.0,110,216,501
443,1837,852,204.11111111111111,4230,1474,384.54545454545456,360.22222222222223,3242,303.35,148.77777777777777,329.45454545454544,1837,4230,64240
30583,2185,1278,364.1666666666667,1558,725,259.6666666666667,680.3333333333334,4082,311.9166666666667,308.1666666666667,205.66666666666666,2185,1558,291
31501,597,307,99.5,628,465,157.0,151.0,906,122.5,43.5,103.0,597,628,298
30888,627,393,125.4,563,346,112.6,202.8,1014,119.0,69.0,58.6,627,563,232
31839,112,56,56.0,108,54,54.0,64.0,128,55.0,2.0,0.0,112,108,509
49692,224,56,56.0,108,54,54.0,64.0,256,55.333333333333336,2.0,0.0,224,108,260
31091,845,465,120.71428571428571,1434,1272,358.5,193.42857142857142,1354,207.1818181818182,66.71428571428571,304.5,845,1434,346
30241,224,56,56.0,108,54,54.0,64.0,256,55.333333333333336,2.0,0.0,224,108,348
31790,122,66,61.0,109,55,54.5,74.0,148,57.75,1.0,0.5,122,109,83
7487,122,66,61.0,109,55,54.5,74.0,148,57.75,1.0,0.5,122,109,806
443,2550,1466,425.0,1126,672,225.2,802.0,4812,334.1818181818182,369.0,166.4,2550,1126,64240
443,592,356,148.0,524,125,87.33333333333333,248.0,992,111.6,94.0,33.333333333333336,592,524,512
31748,651,196,93.0,479,181,95.8,138.0,966,94.16666666666667,39.0,41.8,651,479,11
443,696,294,174.0,742,315,185.5,300.0,1200,179.75,120.0,131.5,696,742,516
31751,112,56,56.0,54,54,54.0,64.0,128,55.333333333333336,2.0,0.0,112,54,107
33105,225,93,75.0,216,54,54.0,102.0,306,63.0,21.0,0.0,225,216,76
31855,112,56,56.0,54,54,54.0,64.0,128,55.333333333333336,2.0,0.0,112,54,16386
31858,112,56,56.0,54,54,54.0,64.0,128,55.333333333333336,2.0,0.0,112,54,63
12077,358,153,119.33333333333333,1152,864,230.4,190.66666666666666,572,188.75,65.33333333333333,176.4,358,1152,49
31864,112,56,56.0,54,54,54.0,64.0,128,55.333333333333336,2.0,0.0,112,54,16386
31772,122,66,61.0,109,55,54.5,74.0,148,57.75,1.0,0.5,122,109,501
7492,112,56,56.0,54,54,54.0,64.0,128,55.333333333333336,2.0,0.0,112,54,1043
12074,260,148,86.66666666666667,233,125,77.66666666666667,125.33333333333333,376,82.16666666666667,32.666666666666664,23.666666666666668,260,233,257
7493,56,56,56.0,54,54,54.0,64.0,64,55.0,2.0,0.0,56,54,1248
33111,110,56,55.0,216,54,54.0,62.0,124,54.333333333333336,1.0,0.0,110,216,501
443,1837,852,204.11111111111111,4230,1474,384.54545454545456,360.22222222222223,3242,303.35,148.77777777777777,329.45454545454544,1837,4230,64240
30583,2185,1278,364.1666666666667,1558,725,259.6666666666667,680.3333333333334,4082,311.9166666666667,308.1666666666667,205.66666666666666,2185,1558,291
31501,597,307,99.5,628,465,157.0,151.0,906,122.5,43.5,103.0,597,628,298
30888,627,393,125.4,563,346,112.6,202.8,1014,119.0,69.0,58.6,627,563,232
31839,112,56,56.0,108,54,54.0,64.0,128,55.0,2.0,0.0,112,108,509
49692,224,56,56.0,108,54,54.0,64.0,256,55.333333333333336,2.0,0.0,224,108,260
31091,845,465,120.71428571428571,1434,1272,358.5,193.42857142857142,1354,207.1818181818182,66.71428571428571,304.5,845,1434,346
30241,224,56,56.0,108,54,54.0,64.0,256,55.333333333333336,2.0,0.0,224,108,348
31790,122,66,61.0,109,55,54.5,74.0,148,57.75,1.0,0.5,122,109,83
7487,122,66,61.0,109,55,54.5,74.0,148,57.75,1.0,0.5,122,109,806
443,2550,1466,425.0,1126,672,225.2,802.0,4812,334.1818181818182,369.0,166.4,2550,1126,64240
443,592,356,148.0,524,125,87.33333333333333,248.0,992,111.6,94.0,33.333333333333336,592,524,512
31748,651,196,93.0,479,181,95.8,138.0,966,94.16666666666667,39.0,41.8,651,479,11
443,696,294,174.0,742,315,185.5,300.0,1200,179.75,120.0,131.5,696,742,516
31751,897,534,149.5,3647,1490,607.8333333333334,251.0,1506,378.6666666666667,95.5,553.8333333333334,897,3647,107
33105,225,93,75.0,216,54,54.0,102.0,306,63.0,21.0,0.0,225,216,76
31855,112,56,56.0,54,54,54.0,64.0,128,55.333333333333336,2.0,0.0,112,54,16386
31858,112,56,56.0,54,54,54.0,64.0,128,55.333333333333336,2.0,0.0,112,54,63
12077,358,153,119.33333333333333,1152,864,230.4,190.66666666666666,572,188.75,65.33333333333333,176.4,358,1152,49
31864,112,56,56.0,54,54,54.0,64.0,128,55.333333333333336,2.0,0.0,112,54,16386
31772,122,66,61.0,109,55,54.5,74.0,148,57.75,1.0,0.5,122,109,501
7492,112,56,56.0,54,54,54.0,64.0,128,55.333333333333336,2.0,0.0,112,54,1043
12074,260,148,86.66666666666667,233,125,77.66666666666667,125.33333333333333,376,82.16666666666667,32.666666666666664,23.666666666666668,260,233,257
7493,56,56,56.0,54,54,54.0,64.0,64,55.0,2.0,0.0,56,54,1248
33111,110,56,55.0,216,54,54.0,62.0,124,54.333333333333336,1.0,0.0,110,216,501
443,1837,852,204.11111111111111,4230,1474,384.54545454545456,360.22222222222223,3242,303.35,148.77777777777777,329.45454545454544,1837,4230,64240
30583,2185,1278,364.1666666666667,1558,725,259.6666666666667,680.3333333333334,4082,311.9166666666667,308.1666666666667,205.66666666666666,2185,1558,291
31501,597,307,99.5,628,465,157.0,151.0,906,122.5,43.5,103.0,597,628,298
30888,627,393,125.4,563,346,112.6,202.8,1014,119.0,69.0,58.6,627,563,232
31839,112,56,56.0,108,54,54.0,64.0,128,55.0,2.0,0.0,112,108,509
49692,224,56,56.0,108,54,54.0,64.0,256,55.333333333333336,2.0,0.0,224,108,260
31091,845,465,120.71428571428571,1434,1272,358.5,193.42857142857142,1354,207.1818181818182,66.71428571428571,304.5,845,1434,346
30241,224,56,56.0,108,54,54.0,64.0,256,55.333333333333336,2.0,0.0,224,108,348
31790,122,66,61.0,109,55,54.5,74.0,148,57.75,1.0,0.5,122,109,83
7487,2451,1466,408.5,604,441,151.0,769.0,4614,305.5,352.5,97.0,2451,604,806
443,2604,1466,372.0,1238,672,176.85714285714286,696.0,4872,274.42857142857144,316.2857142857143,119.42857142857143,2604,1238,64240
443,592,356,148.0,524,125,87.33333333333333,248.0,992,111.6,94.0,33.333333333333336,592,524,512
31748,651,196,93.0,479,181,95.8,138.0,966,94.16666666666667,39.0,41.8,651,479,11
443,696,294,174.0,742,315,185.5,300.0,1200,179.75,120.0,131.5,696,742,516
31751,897,534,149.5,3647,1490,607.8333333333334,251.0,1506,378.6666666666667,95.5,553.8333333333334,897,3647,107
33105,225,93,75.0,216,54,54.0,102.0,306,63.0,21.0,0.0,225,216,76
31855,112,56,56.0,54,54,54.0,64.0,128,55.333333333333336,2.0,0.0,112,54,16386
31858,112,56,56.0,54,54,54.0,64.0,128,55.333333333333336,2.0,0.0,112,54,63
12077,414,153,103.5,1206,864,201.0,159.0,636,162.0,49.5,147.0,414,1206,49
31864,112,56,56.0,54,54,54.0,64.0,128,55.333333333333336,2.0,0.0,112,54,16386
31772,122,66,61.0,109,55,54.5,74.0,148,57.75,1.0,0.5,122,109,501
7492,112,56,56.0,54,54,54.0,64.0,128,55.333333333333336,2.0,0.0,112,54,1043
12074,260,148,86.66666666666667,233,125,77.66666666666667,125.33333333333333,376,82.16666666666667,32.666666666666664,23.666666666666668,260,233,257
7493,56,56,56.0,54,54,54.0,64.0,64,55.0,2.0,0.0,56,54,1248
33111,110,56,55.0,216,54,54.0,62.0,124,54.333333333333336,1.0,0.0,110,216,501
443,1837,852,204.11111111111111,4230,1474,384.54545454545456,360.22222222222223,3242,303.35,148.77777777777777,329.45454545454544,1837,4230,64240
30583,2185,1278,364.1666666666667,1558,725,259.6666666666667,680.3333333333334,4082,311.9166666666667,308.1666666666667,205.66666666666666,2185,1558,291
31501,597,307,99.5,628,465,157.0,151.0,906,122.5,43.5,103.0,597,628,298
30888,627,393,125.4,563,346,112.6,202.8,1014,119.0,69.0,58.6,627,563,232
31839,112,56,56.0,108,54,54.0,64.0,128,55.0,2.0,0.0,112,108,509
49692,224,56,56.0,108,54,54.0,64.0,256,55.333333333333336,2.0,0.0,224,108,260
31091,845,465,120.71428571428571,1434,1272,358.5,193.42857142857142,1354,207.1818181818182,66.71428571428571,304.5,845,1434,346
30241,224,56,56.0,108,54,54.0,64.0,256,55.333333333333336,2.0,0.0,224,108,348
31790,122,66,61.0,109,55,54.5,74.0,148,57.75,1.0,0.5,122,109,83
7487,2451,1466,408.5,604,441,151.0,769.0,4614,305.5,352.5,97.0,2451,604,806
443,2604,1466,372.0,1238,672,176.85714285714286,696.0,4872,274.42857142857144,316.2857142857143,119.42857142857143,2604,1238,64240
443,646,356,129.2,636,125,79.5,210.4,1052,98.61538461538461,75.2,25.5,646,636,512
31748,651,196,93.0,479,181,95.8,138.0,966,94.16666666666667,39.0,41.8,651,479,11
443,696,294,174.0,742,315,185.5,300.0,1200,179.75,120.0,131.5,696,742,516
31751,897,534,149.5,3647,1490,607.8333333333334,251.0,1506,378.6666666666667,95.5,553.8333333333334,897,3647,107
33105,225,93,75.0,216,54,54.0,102.0,306,63.0,21.0,0.0,225,216,76
31855,112,56,56.0,54,54,54.0,64.0,128,55.333333333333336,2.0,0.0,112,54,16386
31858,112,56,56.0,54,54,54.0,64.0,128,55.333333333333336,2.0,0.0,112,54,63
12077,414,153,103.5,1206,864,201.0,159.0,636,162.0,49.5,147.0,414,1206,49
31864,112,56,56.0,54,54,54.0,64.0,128,55.333333333333336,2.0,0.0,112,54,16386
31772,122,66,61.0,109,55,54.5,74.0,148,57.75,1.0,0.5,122,109,501
7492,112,56,56.0,54,54,54.0,64.0,128,55.333333333333336,2.0,0.0,112,54,1043
12074,260,148,86.66666666666667,233,125,77.66666666666667,125.33333333333333,376,82.16666666666667,32.666666666666664,23.666666666666668,260,233,257
7493,56,56,56.0,54,54,54.0,64.0,64,55.0,2.0,0.0,56,54,1248
33111,110,56,55.0,216,54,54.0,62.0,124,54.333333333333336,1.0,0.0,110,216,501
443,1837,852,204.11111111111111,4230,1474,384.54545454545456,360.22222222222223,3242,303.35,148.77777777777777,329.45454545454544,1837,4230,64240
30583,2185,1278,364.1666666666667,1558,725,259.6666666666667,680.3333333333334,4082,311.9166666666667,308.1666666666667,205.66666666666666,2185,1558,291
31501,597,307,99.5,628,465,157.0,151.0,906,122.5,43.5,103.0,597,628,298
30888,627,393,125.4,563,346,112.6,202.8,1014,119.0,69.0,58.6,627,563,232
31839,112,56,56.0,108,54,54.0,64.0,128,55.0,2.0,0.0,112,108,509
49692,224,56,56.0,108,54,54.0,64.0,256,55.333333333333336,2.0,0.0,224,108,260
31091,845,465,120.71428571428571,1434,1272,358.5,193.42857142857142,1354,207.1818181818182,66.71428571428571,304.5,845,1434,346
30241,224,56,56.0,108,54,54.0,64.0,256,55.333333333333336,2.0,0.0,224,108,348
31790,122,66,61.0,109,55,54.5,74.0,148,57.75,1.0,0.5,122,109,83
7487,2451,1466,408.5,604,441,151.0,769.0,4614,305.5,352.5,97.0,2451,604,806
443,2604,1466,372.0,1238,672,176.85714285714286,696.0,4872,274.42857142857144,316.2857142857143,119.42857142857143,2604,1238,64240
443,646,356,129.2,636,125,79.5,210.4,1052,98.61538461538461,75.2,25.5,646,636,512
31748,651,196,93.0,479,181,95.8,138.0,966,94.16666666666667,39.0,41.8,651,479,11
443,696,294,174.0,742,315,185.5,300.0,1200,179.75,120.0,131.5,696,742,516
31751,897,534,149.5,3647,1490,607.8333333333334,251.0,1506,378.6666666666667,95.5,553.8333333333334,897,3647,107
33105,225,93,75.0,216,54,54.0,102.0,306,63.0,21.0,0.0,225,216,76
31855,112,56,56.0,54,54,54.0,64.0,128,55.333333333333336,2.0,0.0,112,54,16386
31858,112,56,56.0,54,54,54.0,64.0,128,55.333333333333336,2.0,0.0,112,54,63
12077,414,153,103.5,1206,864,201.0,159.0,636,162.0,49.5,147.0,414,1206,49
31864,112,56,56.0,54,54,54.0,64.0,128,55.333333333333336,2.0,0.0,112,54,16386
31772,122,66,61.0,109,55,54.5,74.0,148,57.75,1.0,0.5,122,109,501
7492,112,56,56.0,54,54,54.0,64.0,128,55.333333333333336,2.0,0.0,112,54,1043
12074,260,148,86.66666666666667,233,125,77.66666666666667,125.33333333333333,376,82.16666666666667,32.666666666666664,23.666666666666668,260,233,257
7493,122,66,61.0,109,55,54.5,74.0,148,57.75,1.0,0.5,122,109,1248
33111,110,56,55.0,216,54,54.0,62.0,124,54.333333333333336,1.0,0.0,110,216,501
443,1837,852,204.11111111111111,4230,1474,384.54545454545456,360.22222222222223,3242,303.35,148.77777777777777,329.45454545454544,1837,4230,64240
30583,2185,1278,364.1666666666667,1558,725,259.6666666666667,680.3333333333334,4082,311.9166666666667,308.1666666666667,205.66666666666666,2185,1558,291
31501,597,307,99.5,628,465,157.0,151.0,906,122.5,43.5,103.0,597,628,298
30888,627,393,125.4,563,346,112.6,202.8,1014,119.0,69.0,58.6,627,563,232
31839,112,56,56.0,108,54,54.0,64.0,128,55.0,2.0,0.0,112,108,509
49692,224,56,56.0,108,54,54.0,64.0,256,55.333333333333336,2.0,0.0,224,108,260
31091,845,465,120.71428571428571,1434,1272,358.5,193.42857142857142,1354,207.1818181818182,66.71428571428571,304.5,845,1434,346
30241,224,56,56.0,108,54,54.0,64.0,256,55.333333333333336,2.0,0.0,224,108,348
31790,122,66,61.0,109,55,54.5,74.0,148,57.75,1.0,0.5,122,109,83
7487,2451,1466,408.5,604,441,151.0,769.0,4614,305.5,352.5,97.0,2451,604,806
443,2604,1466,372.0,1238,672,176.85714285714286,696.0,4872,274.42857142857144,316.2857142857143,119.42857142857143,2604,1238,64240
443,646,356,129.2,636,125,79.5,210.4,1052,98.61538461538461,75.2,25.5,646,636,512
31748,651,196,93.0,479,181,95.8,138.0,966,94.16666666666667,39.0,41.8,651,479,11
443,696,294,174.0,742,315,185.5,300.0,1200,179.75,120.0,131.5,696,742,516
31751,897,534,149.5,3647,1490,607.8333333333334,251.0,1506,378.6666666666667,95.5,553.8333333333334,897,3647,107
33105,225,93,75.0,216,54,54.0,102.0,306,63.0,21.0,0.0,225,216,76
31855,112,56,56.0,54,54,54.0,64.0,128,55.333333333333336,2.0,0.0,112,54,16386
31858,112,56,56.0,54,54,54.0,64.0,128,55.333333333333336,2.0,0.0,112,54,63
12077,414,153,103.5,1206,864,201.0,159.0,636,162.0,49.5,147.0,414,1206,49
31864,112,56,56.0,54,54,54.0,64.0,128,55.333333333333336,2.0,0.0,112,54,16386
31772,122,66,61.0,109,55,54.5,74.0,148,57.75,1.0,0.5,122,109,501
7492,112,56,56.0,54,54,54.0,64.0,128,55.333333333333336,2.0,0.0,112,54,1043
12074,260,148,86.66666666666667,233,125,77.66666666666667,125.33333333333333,376,82.16666666666667,32.666666666666664,23.666666666666668,260,233,257
7493,122,66,61.0,109,55,54.5,74.0,148,57.75,1.0,0.5,122,109,1248
33111,110,56,55.0,216,54,54.0,62.0,124,54.333333333333336,1.0,0.0,110,216,501
443,1837,852,204.11111111111111,4230,1474,384.54545454545456,360.22222222222223,3242,303.35,148.77777777777777,329.45454545454544,1837,4230,64240
30583,2185,1278,364.1666666666667,1558,725,259.6666666666667,680.3333333333334,4082,311.9166666666667,308.1666666666667,205.66666666666666,2185,1558,291
31501,597,307,99.5,628,465,157.0,151.0,906,122.5,43.5,103.0,597,628,298
30888,627,393,125.4,563,346,112.6,202.8,1014,119.0,69.0,58.6,627,563,232
31839,112,56,56.0,108,54,54.0,64.0,128,55.0,2.0,0.0,112,108,509
49692,224,56,56.0,108,54,54.0,64.0,256,55.333333333333336,2.0,0.0,224,108,260
31091,845,465,120.71428571428571,1434,1272,358.5,193.42857142857142,1354,207.1818181818182,66.71428571428571,304.5,845,1434,346
30241,224,56,56.0,108,54,54.0,64.0,256,55.333333333333336,2.0,0.0,224,108,348
31790,122,66,61.0,109,55,54.5,74.0,148,57.75,1.0,0.5,122,109,83
7487,2451,1466,408.5,604,441,151.0,769.0,4614,305.5,352.5,97.0,2451,604,806
443,2604,1466,372.0,1238,672,176.85714285714286,696.0,4872,274.42857142857144,316.2857142857143,119.42857142857143,2604,1238,64240
443,646,356,129.2,636,125,79.5,210.4,1052,98.61538461538461,75.2,25.5,646,636,512
31748,651,196,93.0,479,181,95.8,138.0,966,94.16666666666667,39.0,41.8,651,479,11
443,696,294,174.0,742,315,185.5,300.0,1200,179.75,120.0,131.5,696,742,516
31751,897,534,149.5,3647,1490,607.8333333333334,251.0,1506,378.6666666666667,95.5,553.8333333333334,897,3647,107
33105,225,93,75.0,216,54,54.0,102.0,306,63.0,21.0,0.0,225,216,76
31855,112,56,56.0,54,54,54.0,64.0,128,55.333333333333336,2.0,0.0,112,54,16386
31858,112,56,56.0,54,54,54.0,64.0,128,55.333333333333336,2.0,0.0,112,54,63
12077,414,153,103.5,1206,864,201.0,159.0,636,162.0,49.5,147.0,414,1206,49
31864,112,56,56.0,54,54,54.0,64.0,128,55.333333333333336,2.0,0.0,112,54,16386
31772,122,66,61.0,109,55,54.5,74.0,148,57.75,1.0,0.5,122,109,501
7492,112,56,56.0,54,54,54.0,64.0,128,55.333333333333336,2.0,0.0,112,54,1043
12074,260,148,86.66666666666667,233,125,77.66666666666667,125.33333333333333,376,82.16666666666667,32.666666666666664,23.666666666666668,260,233,257
7493,122,66,61.0,109,55,54.5,74.0,148,57.75,1.0,0.5,122,109,1248
33111,110,56,55.0,216,54,54.0,62.0,124,54.333333333333336,1.0,0.0,110,216,501
443,1837,852,204.11111111111111,4230,1474,384.54545454545456,360.22222222222223,3242,303.35,148.77777777777777,329.45454545454544,1837,4230,64240
30583,2185,1278,364.1666666666667,1558,725,259.6666666666667,680.3333333333334,4082,311.9166666666667,308.1666666666667,205.66666666666666,2185,1558,291
31501,597,307,99.5,628,465,157.0,151.0,906,122.5,43.5,103.0,597,628,298
30888,627,393,125.4,563,346,112.6,202.8,1014,119.0,69.0,58.6,627,563,232
31839,112,56,56.0,108,54,54.0,64.0,128,55.0,2.0,0.0,112,108,509
49692,224,56,56.0,108,54,54.0,64.0,256,55.333333333333336,2.0,0.0,224,108,260
31091,845,465,120.71428571428571,1434,1272,358.5,193.42857142857142,1354,207.1818181818182,66.71428571428571,304.5,845,1434,346
30241,224,56,56.0,108,54,54.0,64.0,256,55.333333333333336,2.0,0.0,224,108,348
31790,122,66,61.0,109,55,54.5,74.0,148,57.75,1.0,0.5,122,109,83
7487,2451,1466,408.5,604,441,151.0,769.0,4614,305.5,352.5,97.0,2451,604,806
443,2604,1466,372.0,1238,672,176.85714285714286,696.0,4872,274.42857142857144,316.2857142857143,119.42857142857143,2604,1238,64240
443,646,356,129.2,636,125,79.5,210.4,1052,98.61538461538461,75.2,25.5,646,636,512
31748,651,196,93.0,479,181,95.8,138.0,966,94.16666666666667,39.0,41.8,651,479,11
443,990,294,198.0,742,315,185.5,348.0,1740,192.44444444444446,144.0,131.5,990,742,516
31751,897,534,149.5,3647,1490,607.8333333333334,251.0,1506,378.6666666666667,95.5,553.8333333333334,897,3647,107
33105,225,93,75.0,216,54,54.0,102.0,306,63.0,21.0,0.0,225,216,76
31855,112,56,56.0,54,54,54.0,64.0,128,55.333333333333336,2.0,0.0,112,54,16386
31858,112,56,56.0,54,54,54.0,64.0,128,55.333333333333336,2.0,0.0,112,54,63
12077,414,153,103.5,1206,864,201.0,159.0,636,162.0,49.5,147.0,414,1206,49
31864,112,56,56.0,54,54,54.0,64.0,128,55.333333333333336,2.0,0.0,112,54,16386
31772,122,66,61.0,109,55,54.5,74.0,148,57.75,1.0,0.5,122,109,501
7492,112,56,56.0,54,54,54.0,64.0,128,55.333333333333336,2.0,0.0,112,54,1043
12074,260,148,86.66666666666667,233,125,77.66666666666667,125.33333333333333,376,82.16666666666667,32.666666666666664,23.666666666666668,260,233,257
7493,122,66,61.0,109,55,54.5,74.0,148,57.75,1.0,0.5,122,109,1248
33111,110,56,55.0,216,54,54.0,62.0,124,54.333333333333336,1.0,0.0,110,216,501
443,1837,852,204.11111111111111,4230,1474,384.54545454545456,360.22222222222223,3242,303.35,148.77777777777777,329.45454545454544,1837,4230,64240
30583,2185,1278,364.1666666666667,1558,725,259.6666666666667,680.3333333333334,4082,311.9166666666667,308.1666666666667,205.66666666666666,2185,1558,291
31501,597,307,99.5,628,465,157.0,151.0,906,122.5,43.5,103.0,597,628,298
30888,627,393,125.4,563,346,112.6,202.8,1014,119.0,69.0,58.6,627,563,232
31839,112,56,56.0,108,54,54.0,64.0,128,55.0,2.0,0.0,112,108,509
49692,224,56,56.0,108,54,54.0,64.0,256,55.333333333333336,2.0,0.0,224,108,260
31091,845,465,120.71428571428571,1434,1272,358.5,193.42857142857142,1354,207.1818181818182,66.71428571428571,304.5,845,1434,346
30241,224,56,56.0,108,54,54.0,64.0,256,55.333333333333336,2.0,0.0,224,108,348
31790,122,66,61.0,109,55,54.5,74.0,148,57.75,1.0,0.5,122,109,83
7487,2451,1466,408.5,604,441,151.0,769.0,4614,305.5,352.5,97.0,2451,604,806
443,2604,1466,372.0,1238,672,176.85714285714286,696.0,4872,274.42857142857144,316.2857142857143,119.42857142857143,2604,1238,64240
443,646,356,129.2,636,125,79.5,210.4,1052,98.61538461538461,75.2,25.5,646,636,512
31748,651,196,93.0,479,181,95.8,138.0,966,94.16666666666667,39.0,41.8,651,479,11
443,1044,294,174.0,1058,316,211.6,300.0,1800,191.0909090909091,120.0,157.6,1044,1058,516
31751,897,534,149.5,3647,1490,607.8333333333334,251.0,1506,378.6666666666667,95.5,553.8333333333334,897,3647,107
33105,225,93,75.0,216,54,54.0,102.0,306,63.0,21.0,0.0,225,216,76
31855,224,56,56.0,108,54,54.0,64.0,256,55.333333333333336,2.0,0.0,224,108,16386
31858,112,56,56.0,54,54,54.0,64.0,128,55.333333333333336,2.0,0.0,112,54,63
12077,414,153,103.5,1206,864,201.0,159.0,636,162.0,49.5,147.0,414,1206,49
31864,112,56,56.0,54,54,54.0,64.0,128,55.333333333333336,2.0,0.0,112,54,16386
31772,122,66,61.0,109,55,54.5,74.0,148,57.75,1.0,0.5,122,109,501
7492,112,56,56.0,54,54,54.0,64.0,128,55.333333333333336,2.0,0.0,112,54,1043
12074,260,148,86.66666666666667,233,125,77.66666666666667,125.33333333333333,376,82.16666666666667,32.666666666666664,23.666666666666668,260,233,257
7493,122,66,61.0,109,55,54.5,74.0,148,57.75,1.0,0.5,122,109,1248
33111,110,56,55.0,216,54,54.0,62.0,124,54.333333333333336,1.0,0.0,110,216,501
443,1837,852,204.11111111111111,4230,1474,384.54545454545456,360.22222222222223,3242,303.35,148.77777777777777,329.45454545454544,1837,4230,64240
30583,2185,1278,364.1666666666667,1558,725,259.6666666666667,680.3333333333334,4082,311.9166666666667,308.1666666666667,205.66666666666666,2185,1558,291
31501,597,307,99.5,628,465,157.0,151.0,906,122.5,43.5,103.0,597,628,298
30888,627,393,125.4,563,346,112.6,202.8,1014,119.0,69.0,58.6,627,563,232
31839,112,56,56.0,108,54,54.0,64.0,128,55.0,2.0,0.0,112,108,509
49692,224,56,56.0,108,54,54.0,64.0,256,55.333333333333336,2.0,0.0,224,108,260
31091,845,465,120.71428571428571,1434,1272,358.5,193.42857142857142,1354,207.1818181818182,66.71428571428571,304.5,845,1434,346
30241,224,56,56.0,108,54,54.0,64.0,256,55.333333333333336,2.0,0.0,224,108,348
31790,122,66,61.0,109,55,54.5,74.0,148,57.75,1.0,0.5,122,109,83
7487,2451,1466,408.5,604,441,151.0,769.0,4614,305.5,352.5,97.0,2451,604,806
443,2604,1466,372.0,1238,672,176.85714285714286,696.0,4872,274.42857142857144,316.2857142857143,119.42857142857143,2604,1238,64240
443,646,356,129.2,636,125,79.5,210.4,1052,98.61538461538461,75.2,25.5,646,636,512
31748,651,196,93.0,479,181,95.8,138.0,966,94.16666666666667,39.0,41.8,651,479,11
443,1044,294,174.0,1058,316,211.6,300.0,1800,191.0909090909091,120.0,157.6,1044,1058,516
31751,897,534,149.5,3647,1490,607.8333333333334,251.0,1506,378.6666666666667,95.5,553.8333333333334,897,3647,107
33105,225,93,75.0,216,54,54.0,102.0,306,63.0,21.0,0.0,225,216,76
31855,224,56,56.0,108,54,54.0,64.0,256,55.333333333333336,2.0,0.0,224,108,16386
31858,112,56,56.0,54,54,54.0,64.0,128,55.333333333333336,2.0,0.0,112,54,63
12077,414,153,103.5,1206,864,201.0,159.0,636,162.0,49.5,147.0,414,1206,49
31864,112,56,56.0,54,54,54.0,64.0,128,55.333333333333336,2.0,0.0,112,54,16386
31772,122,66,61.0,109,55,54.5,74.0,148,57.75,1.0,0.5,122,109,501
7492,112,56,56.0,54,54,54.0,64.0,128,55.333333333333336,2.0,0.0,112,54,1043
12074,260,148,86.66666666666667,233,125,77.66666666666667,125.33333333333333,376,82.16666666666667,32.666666666666664,23.666666666666668,260,233,257
7493,122,66,61.0,109,55,54.5,74.0,148,57.75,1.0,0.5,122,109,1248
33111,110,56,55.0,216,54,54.0,62.0,124,54.333333333333336,1.0,0.0,110,216,501
443,1837,852,204.11111111111111,4230,1474,384.54545454545456,360.22222222222223,3242,303.35,148.77777777777777,329.45454545454544,1837,4230,64240
30583,2185,1278,364.1666666666667,1558,725,259.6666666666667,680.3333333333334,4082,311.9166666666667,308.1666666666667,205.66666666666666,2185,1558,291
31501,597,307,99.5,628,465,157.0,151.0,906,122.5,43.5,103.0,597,628,298
30888,627,393,125.4,563,346,112.6,202.8,1014,119.0,69.0,58.6,627,563,232
31839,112,56,56.0,108,54,54.0,64.0,128,55.0,2.0,0.0,112,108,509
49692,224,56,56.0,108,54,54.0,64.0,256,55.333333333333336,2.0,0.0,224,108,260
31091,845,465,120.71428571428571,1434,1272,358.5,193.42857142857142,1354,207.1818181818182,66.71428571428571,304.5,845,1434,346
30241,224,56,56.0,108,54,54.0,64.0,256,55.333333333333336,2.0,0.0,224,108,348
31790,122,66,61.0,109,55,54.5,74.0,148,57.75,1.0,0.5,122,109,83
7487,2451,1466,408.5,604,441,151.0,769.0,4614,305.5,352.5,97.0,2451,604,806
443,2604,1466,372.0,1238,672,176.85714285714286,696.0,4872,274.42857142857144,316.2857142857143,119.42857142857143,2604,1238,64240
443,646,356,129.2,636,125,79.5,210.4,1052,98.61538461538461,75.2,25.5,646,636,512
31748,651,196,93.0,479,181,95.8,138.0,966,94.16666666666667,39.0,41.8,651,479,11
443,1044,294,174.0,1058,316,211.6,300.0,1800,191.0909090909091,120.0,157.6,1044,1058,516
31751,897,534,149.5,3647,1490,607.8333333333334,251.0,1506,378.6666666666667,95.5,553.8333333333334,897,3647,107
33105,225,93,75.0,216,54,54.0,102.0,306,63.0,21.0,0.0,225,216,76
31855,224,56,56.0,108,54,54.0,64.0,256,55.333333333333336,2.0,0.0,224,108,16386
31858,224,56,56.0,108,54,54.0,64.0,256,55.333333333333336,2.0,0.0,224,108,63
12077,414,153,103.5,1206,864,201.0,159.0,636,162.0,49.5,147.0,414,1206,49
31864,112,56,56.0,54,54,54.0,64.0,128,55.333333333333336,2.0,0.0,112,54,16386
31772,122,66,61.0,109,55,54.5,74.0,148,57.75,1.0,0.5,122,109,501
7492,112,56,56.0,54,54,54.0,64.0,128,55.333333333333336,2.0,0.0,112,54,1043
12074,260,148,86.66666666666667,233,125,77.66666666666667,125.33333333333333,376,82.16666666666667,32.666666666666664,23.666666666666668,260,233,257
7493,122,66,61.0,109,55,54.5,74.0,148,57.75,1.0,0.5,122,109,1248
33111,110,56,55.0,216,54,54.0,62.0,124,54.333333333333336,1.0,0.0,110,216,501
443,1837,852,204.11111111111111,4230,1474,384.54545454545456,360.22222222222223,3242,303.35,148.77777777777777,329.45454545454544,1837,4230,64240
30583,2185,1278,364.1666666666667,1558,725,259.6666666666667,680.3333333333334,4082,311.9166666666667,308.1666666666667,205.66666666666666,2185,1558,291
31501,597,307,99.5,628,465,157.0,151.0,906,122.5,43.5,103.0,597,628,298
30888,627,393,125.4,563,346,112.6,202.8,1014,119.0,69.0,58.6,627,563,232
31839,112,56,56.0,108,54,54.0,64.0,128,55.0,2.0,0.0,112,108,509
49692,224,56,56.0,108,54,54.0,64.0,256,55.333333333333336,2.0,0.0,224,108,260
31091,845,465,120.71428571428571,1434,1272,358.5,193.42857142857142,1354,207.1818181818182,66.71428571428571,304.5,845,1434,346
30241,224,56,56.0,108,54,54.0,64.0,256,55.333333333333336,2.0,0.0,224,108,348
31790,122,66,61.0,109,55,54.5,74.0,148,57.75,1.0,0.5,122,109,83
7487,2451,1466,408.5,604,441,151.0,769.0,4614,305.5,352.5,97.0,2451,604,806
443,2604,1466,372.0,1238,672,176.85714285714286,696.0,4872,274.42857142857144,316.2857142857143,119.42857142857143,2604,1238,64240
443,646,356,129.2,636,125,79.5,210.4,1052,98.61538461538461,75.2,25.5,646,636,512
31748,651,196,93.0,479,181,95.8,138.0,966,94.16666666666667,39.0,41.8,651,479,11
443,1044,294,174.0,1058,316,211.6,300.0,1800,191.0909090909091,120.0,157.6,1044,1058,516
31751,897,534,149.5,3647,1490,607.8333333333334,251.0,1506,378.6666666666667,95.5,553.8333333333334,897,3647,107
33105,225,93,75.0,216,54,54.0,102.0,306,63.0,21.0,0.0,225,216,76
31855,224,56,56.0,108,54,54.0,64.0,256,55.333333333333336,2.0,0.0,224,108,16386
31858,224,56,56.0,108,54,54.0,64.0,256,55.333333333333336,2.0,0.0,224,108,63
12077,414,153,103.5,1206,864,201.0,159.0,636,162.0,49.5,147.0,414,1206,49
31864,112,56,56.0,54,54,54.0,64.0,128,55.333333333333336,2.0,0.0,112,54,16386
31772,122,66,61.0,109,55,54.5,74.0,148,57.75,1.0,0.5,122,109,501
7492,112,56,56.0,54,54,54.0,64.0,128,55.333333333333336,2.0,0.0,112,54,1043
12074,260,148,86.66666666666667,233,125,77.66666666666667,125.33333333333333,376,82.16666666666667,32.666666666666664,23.666666666666668,260,233,257
7493,122,66,61.0,109,55,54.5,74.0,148,57.75,1.0,0.5,122,109,1248
33111,110,56,55.0,216,54,54.0,62.0,124,54.333333333333336,1.0,0.0,110,216,501
443,1837,852,204.11111111111111,4230,1474,384.54545454545456,360.22222222222223,3242,303.35,148.77777777777777,329.45454545454544,1837,4230,64240
30583,2185,1278,364.1666666666667,1558,725,259.6666666666667,680.3333333333334,4082,311.9166666666667,308.1666666666667,205.66666666666666,2185,1558,291
31501,597,307,99.5,628,465,157.0,151.0,906,122.5,43.5,103.0,597,628,298
30888,627,393,125.4,563,346,112.6,202.8,1014,119.0,69.0,58.6,627,563,232
31839,112,56,56.0,108,54,54.0,64.0,128,55.0,2.0,0.0,112,108,509
49692,224,56,56.0,108,54,54.0,64.0,256,55.333333333333336,2.0,0.0,224,108,260
31091,845,465,120.71428571428571,1434,1272,358.5,193.42857142857142,1354,207.1818181818182,66.71428571428571,304.5,845,1434,346
30241,224,56,56.0,108,54,54.0,64.0,256,55.333333333333336,2.0,0.0,224,108,348
31790,178,66,59.333333333333336,163,55,54.333333333333336,70.66666666666667,212,56.833333333333336,1.3333333333333333,0.3333333333333333,178,163,83
7487,2451,1466,408.5,604,441,151.0,769.0,4614,305.5,352.5,97.0,2451,604,806
443,2604,1466,372.0,1238,672,176.85714285714286,696.0,4872,274.42857142857144,316.2857142857143,119.42857142857143,2604,1238,64240
443,646,356,129.2,636,125,79.5,210.4,1052,98.61538461538461,75.2,25.5,646,636,512
31748,651,196,93.0,479,181,95.8,138.0,966,94.16666666666667,39.0,41.8,651,479,11
443,1044,294,174.0,1058,316,211.6,300.0,1800,191.0909090909091,120.0,157.6,1044,1058,516
31751,897,534,149.5,3647,1490,607.8333333333334,251.0,1506,378.6666666666667,95.5,553.8333333333334,897,3647,107
33105,225,93,75.0,216,54,54.0,102.0,306,63.0,21.0,0.0,225,216,76
31855,224,56,56.0,108,54,54.0,64.0,256,55.333333333333336,2.0,0.0,224,108,16386
31858,224,56,56.0,108,54,54.0,64.0,256,55.333333333333336,2.0,0.0,224,108,63
12077,414,153,103.5,1206,864,201.0,159.0,636,162.0,49.5,147.0,414,1206,49
31864,224,56,56.0,108,54,54.0,64.0,256,55.333333333333336,2.0,0.0,224,108,16386
31772,122,66,61.0,109,55,54.5,74.0,148,57.75,1.0,0.5,122,109,501
7492,112,56,56.0,54,54,54.0,64.0,128,55.333333333333336,2.0,0.0,112,54,1043
12074,260,148,86.66666666666667,233,125,77.66666666666667,125.33333333333333,376,82.16666666666667,32.666666666666664,23.666666666666668,260,233,257
7493,122,66,61.0,109,55,54.5,74.0,148,57.75,1.0,0.5,122,109,1248
33111,110,56,55.0,216,54,54.0,62.0,124,54.333333333333336,1.0,0.0,110,216,501
443,1837,852,204.11111111111111,4230,1474,384.54545454545456,360.22222222222223,3242,303.35,148.77777777777777,329.45454545454544,1837,4230,64240
30583,2185,1278,364.1666666666667,1558,725,259.6666666666667,680.3333333333334,4082,311.9166666666667,308.1666666666667,205.66666666666666,2185,1558,291
31501,597,307,99.5,628,465,157.0,151.0,906,122.5,43.5,103.0,597,628,298
30888,627,393,125.4,563,346,112.6,202.8,1014,119.0,69.0,58.6,627,563,232
31839,112,56,56.0,108,54,54.0,64.0,128,55.0,2.0,0.0,112,108,509
49692,224,56,56.0,108,54,54.0,64.0,256,55.333333333333336,2.0,0.0,224,108,260
31091,845,465,120.71428571428571,1434,1272,358.5,193.42857142857142,1354,207.1818181818182,66.71428571428571,304.5,845,1434,346
30241,224,56,56.0,108,54,54.0,64.0,256,55.333333333333336,2.0,0.0,224,108,348
31790,310,78,62.0,217,55,54.25,76.0,380,58.55555555555556,5.6,0.25,310,217,83
7487,2451,1466,408.5,604,441,151.0,769.0,4614,305.5,352.5,97.0,2451,604,806
443,2604,1466,372.0,1238,672,176.85714285714286,696.0,4872,274.42857142857144,316.2857142857143,119.42857142857143,2604,1238,64240
443,646,356,129.2,636,125,79.5,210.4,1052,98.61538461538461,75.2,25.5,646,636,512
31748,651,196,93.0,479,181,95.8,138.0,966,94.16666666666667,39.0,41.8,651,479,11
443,1044,294,174.0,1058,316,211.6,300.0,1800,191.0909090909091,120.0,157.6,1044,1058,516
31751,897,534,149.5,3647,1490,607.8333333333334,251.0,1506,378.6666666666667,95.5,553.8333333333334,897,3647,107
33105,225,93,75.0,216,54,54.0,102.0,306,63.0,21.0,0.0,225,216,76
31855,224,56,56.0,108,54,54.0,64.0,256,55.333333333333336,2.0,0.0,224,108,16386
31858,224,56,56.0,108,54,54.0,64.0,256,55.333333333333336,2.0,0.0,224,108,63
12077,414,153,103.5,1206,864,201.0,159.0,636,162.0,49.5,147.0,414,1206,49
31864,224,56,56.0,108,54,54.0,64.0,256,55.333333333333336,2.0,0.0,224,108,16386
31772,122,66,61.0,109,55,54.5,74.0,148,57.75,1.0,0.5,122,109,501
7492,112,56,56.0,54,54,54.0,64.0,128,55.333333333333336,2.0,0.0,112,54,1043
12074,260,148,86.66666666666667,233,125,77.66666666666667,125.33333333333333,376,82.16666666666667,32.666666666666664,23.666666666666668,260,233,257
7493,122,66,61.0,109,55,54.5,74.0,148,57.75,1.0,0.5,122,109,1248
33111,110,56,55.0,216,54,54.0,62.0,124,54.333333333333336,1.0,0.0,110,216,501
443,1837,852,204.11111111111111,4230,1474,384.54545454545456,360.22222222222223,3242,303.35,148.77777777777777,329.45454545454544,1837,4230,64240
30583,2185,1278,364.1666666666667,1558,725,259.6666666666667,680.3333333333334,4082,311.9166666666667,308.1666666666667,205.66666666666666,2185,1558,291
31501,597,307,99.5,628,465,157.0,151.0,906,122.5,43.5,103.0,597,628,298
30888,627,393,125.4,563,346,112.6,202.8,1014,119.0,69.0,58.6,627,563,232
31839,112,56,56.0,108,54,54.0,64.0,128,55.0,2.0,0.0,112,108,509
49692,224,56,56.0,108,54,54.0,64.0,256,55.333333333333336,2.0,0.0,224,108,260
31091,845,465,120.71428571428571,1434,1272,358.5,193.42857142857142,1354,207.1818181818182,66.71428571428571,304.5,845,1434,346
30241,224,56,56.0,108,54,54.0,64.0,256,55.333333333333336,2.0,0.0,224,108,348
31790,310,78,62.0,217,55,54.25,76.0,380,58.55555555555556,5.6,0.25,310,217,83
7487,2451,1466,408.5,604,441,151.0,769.0,4614,305.5,352.5,97.0,2451,604,806
443,2604,1466,372.0,1238,672,176.85714285714286,696.0,4872,274.42857142857144,316.2857142857143,119.42857142857143,2604,1238,64240
443,646,356,129.2,636,125,79.5,210.4,1052,98.61538461538461,75.2,25.5,646,636,512
31748,651,196,93.0,479,181,95.8,138.0,966,94.16666666666667,39.0,41.8,651,479,11
443,1044,294,174.0,1058,316,211.6,300.0,1800,191.0909090909091,120.0,157.6,1044,1058,516
31751,897,534,149.5,3647,1490,607.8333333333334,251.0,1506,378.6666666666667,95.5,553.8333333333334,897,3647,107
33105,225,93,75.0,216,54,54.0,102.0,306,63.0,21.0,0.0,225,216,76
31855,278,56,55.6,108,54,54.0,63.2,316,55.142857142857146,1.6,0.0,278,108,16386
31858,224,56,56.0,108,54,54.0,64.0,256,55.333333333333336,2.0,0.0,224,108,63
12077,414,153,103.5,1206,864,201.0,159.0,636,162.0,49.5,147.0,414,1206,49
31864,224,56,56.0,108,54,54.0,64.0,256,55.333333333333336,2.0,0.0,224,108,16386
31772,122,66,61.0,109,55,54.5,74.0,148,57.75,1.0,0.5,122,109,501
7492,224,56,56.0,108,54,54.0,64.0,256,55.333333333333336,2.0,0.0,224,108,1043
12074,260,148,86.66666666666667,233,125,77.66666666666667,125.33333333333333,376,82.16666666666667,32.666666666666664,23.666666666666668,260,233,257
7493,122,66,61.0,109,55,54.5,74.0,148,57.75,1.0,0.5,122,109,1248
33111,110,56,55.0,216,54,54.0,62.0,124,54.333333333333336,1.0,0.0,110,216,501
443,1302,571,260.4,3459,1474,691.8,472.8,2364,476.1,204.0,635.4,1302,3459,64240
443,1837,852,204.11111111111111,4230,1474,384.54545454545456,360.22222222222223,3242,303.35,148.77777777777777,329.45454545454544,1837,4230,64240
30583,2185,1278,364.1666666666667,1558,725,259.6666666666667,680.3333333333334,4082,311.9166666666667,308.1666666666667,205.66666666666666,2185,1558,291
31501,597,307,99.5,628,465,157.0,151.0,906,122.5,43.5,103.0,597,628,298
30888,627,393,125.4,563,346,112.6,202.8,1014,119.0,69.0,58.6,627,563,232
31839,112,56,56.0,108,54,54.0,64.0,128,55.0,2.0,0.0,112,108,509
49692,224,56,56.0,108,54,54.0,64.0,256,55.333333333333336,2.0,0.0,224,108,260
31091,845,465,120.71428571428571,1434,1272,358.5,193.42857142857142,1354,207.1818181818182,66.71428571428571,304.5,845,1434,346
30241,224,56,56.0,108,54,54.0,64.0,256,55.333333333333336,2.0,0.0,224,108,348
31790,310,78,62.0,217,55,54.25,76.0,380,58.55555555555556,5.6,0.25,310,217,83
7487,2451,1466,408.5,604,441,151.0,769.0,4614,305.5,352.5,97.0,2451,604,806
443,2604,1466,372.0,1238,672,176.85714285714286,696.0,4872,274.42857142857144,316.2857142857143,119.42857142857143,2604,1238,64240
443,646,356,129.2,636,125,79.5,210.4,1052,98.61538461538461,75.2,25.5,646,636,512
31748,651,196,93.0,479,181,95.8,138.0,966,94.16666666666667,39.0,41.8,651,479,11
443,1044,294,174.0,1058,316,211.6,300.0,1800,191.0909090909091,120.0,157.6,1044,1058,516
31751,897,534,149.5,3647,1490,607.8333333333334,251.0,1506,378.6666666666667,95.5,553.8333333333334,897,3647,107
33105,225,93,75.0,216,54,54.0,102.0,306,63.0,21.0,0.0,225,216,76
31855,278,56,55.6,108,54,54.0,63.2,316,55.142857142857146,1.6,0.0,278,108,16386
31858,224,56,56.0,108,54,54.0,64.0,256,55.333333333333336,2.0,0.0,224,108,63
12077,414,153,103.5,1206,864,201.0,159.0,636,162.0,49.5,147.0,414,1206,49
31864,224,56,56.0,108,54,54.0,64.0,256,55.333333333333336,2.0,0.0,224,108,16386
31772,122,66,61.0,109,55,54.5,74.0,148,57.75,1.0,0.5,122,109,501
7492,224,56,56.0,108,54,54.0,64.0,256,55.333333333333336,2.0,0.0,224,108,1043
12074,260,148,86.66666666666667,233,125,77.66666666666667,125.33333333333333,376,82.16666666666667,32.666666666666664,23.666666666666668,260,233,257
7493,122,66,61.0,109,55,54.5,74.0,148,57.75,1.0,0.5,122,109,1248
33111,110,56,55.0,216,54,54.0,62.0,124,54.333333333333336,1.0,0.0,110,216,501
443,1596,571,159.6,4267,1474,355.5833333333333,271.2,2712,266.5,104.4,300.5833333333333,1596,4267,64240
443,1837,852,204.11111111111111,4230,1474,384.54545454545456,360.22222222222223,3242,303.35,148.77777777777777,329.45454545454544,1837,4230,64240
30583,2185,1278,364.1666666666667,1558,725,259.6666666666667,680.3333333333334,4082,311.9166666666667,308.1666666666667,205.66666666666666,2185,1558,291
31501,597,307,99.5,628,465,157.0,151.0,906,122.5,43.5,103.0,597,628,298
30888,627,393,125.4,563,346,112.6,202.8,1014,119.0,69.0,58.6,627,563,232
31839,112,56,56.0,108,54,54.0,64.0,128,55.0,2.0,0.0,112,108,509
49692,224,56,56.0,108,54,54.0,64.0,256,55.333333333333336,2.0,0.0,224,108,260
31091,845,465,120.71428571428571,1434,1272,358.5,193.42857142857142,1354,207.1818181818182,66.71428571428571,304.5,845,1434,346
30241,224,56,56.0,108,54,54.0,64.0,256,55.333333333333336,2.0,0.0,224,108,348
31790,310,78,62.0,217,55,54.25,76.0,380,58.55555555555556,5.6,0.25,310,217,83
7487,2451,1466,408.5,604,441,151.0,769.0,4614,305.5,352.5,97.0,2451,604,806
443,2604,1466,372.0,1238,672,176.85714285714286,696.0,4872,274.42857142857144,316.2857142857143,119.42857142857143,2604,1238,64240
443,646,356,129.2,636,125,79.5,210.4,1052,98.61538461538461,75.2,25.5,646,636,512
31748,651,196,93.0,479,181,95.8,138.0,966,94.16666666666667,39.0,41.8,651,479,11
443,1044,294,174.0,1058,316,211.6,300.0,1800,191.0909090909091,120.0,157.6,1044,1058,516
31751,897,534,149.5,3647,1490,607.8333333333334,251.0,1506,378.6666666666667,95.5,553.8333333333334,897,3647,107
33105,225,93,75.0,216,54,54.0,102.0,306,63.0,21.0,0.0,225,216,76
31855,278,56,55.6,108,54,54.0,63.2,316,55.142857142857146,1.6,0.0,278,108,16386
31858,224,56,56.0,108,54,54.0,64.0,256,55.333333333333336,2.0,0.0,224,108,63
12077,414,153,103.5,1206,864,201.0,159.0,636,162.0,49.5,147.0,414,1206,49
31864,224,56,56.0,108,54,54.0,64.0,256,55.333333333333336,2.0,0.0,224,108,16386
31772,122,66,61.0,109,55,54.5,74.0,148,57.75,1.0,0.5,122,109,501
7492,224,56,56.0,108,54,54.0,64.0,256,55.333333333333336,2.0,0.0,224,108,1043
12074,260,148,86.66666666666667,233,125,77.66666666666667,125.33333333333333,376,82.16666666666667,32.666666666666664,23.666666666666668,260,233,257
7493,122,66,61.0,109,55,54.5,74.0,148,57.75,1.0,0.5,122,109,1248
33111,110,56,55.0,216,54,54.0,62.0,124,54.333333333333336,1.0,0.0,110,216,501
443,1596,571,159.6,4267,1474,355.5833333333333,271.2,2712,266.5,104.4,300.5833333333333,1596,4267,64240
443,1837,852,204.11111111111111,4230,1474,384.54545454545456,360.22222222222223,3242,303.35,148.77777777777777,329.45454545454544,1837,4230,64240
30583,2185,1278,364.1666666666667,1558,725,259.6666666666667,680.3333333333334,4082,311.9166666666667,308.1666666666667,205.66666666666666,2185,1558,291
31501,597,307,99.5,628,465,157.0,151.0,906,122.5,43.5,103.0,597,628,298
30888,627,393,125.4,563,346,112.6,202.8,1014,119.0,69.0,58.6,627,563,232
31839,112,56,56.0,108,54,54.0,64.0,128,55.0,2.0,0.0,112,108,509
49692,224,56,56.0,108,54,54.0,64.0,256,55.333333333333336,2.0,0.0,224,108,260
31091,845,465,120.71428571428571,1434,1272,358.5,193.42857142857142,1354,207.1818181818182,66.71428571428571,304.5,845,1434,346
30241,224,56,56.0,108,54,54.0,64.0,256,55.333333333333336,2.0,0.0,224,108,348
31790,310,78,62.0,217,55,54.25,76.0,380,58.55555555555556,5.6,0.25,310,217,83
7487,2451,1466,408.5,604,441,151.0,769.0,4614,305.5,352.5,97.0,2451,604,806
443,2604,1466,372.0,1238,672,176.85714285714286,696.0,4872,274.42857142857144,316.2857142857143,119.42857142857143,2604,1238,64240
443,646,356,129.2,636,125,79.5,210.4,1052,98.61538461538461,75.2,25.5,646,636,512
31748,651,196,93.0,479,181,95.8,138.0,966,94.16666666666667,39.0,41.8,651,479,11
443,1044,294,174.0,1058,316,211.6,300.0,1800,191.0909090909091,120.0,157.6,1044,1058,516
31751,897,534,149.5,3647,1490,607.8333333333334,251.0,1506,378.6666666666667,95.5,553.8333333333334,897,3647,107
33105,225,93,75.0,216,54,54.0,102.0,306,63.0,21.0,0.0,225,216,76
31855,278,56,55.6,108,54,54.0,63.2,316,55.142857142857146,1.6,0.0,278,108,16386
31858,224,56,56.0,108,54,54.0,64.0,256,55.333333333333336,2.0,0.0,224,108,63
12077,414,153,103.5,1206,864,201.0,159.0,636,162.0,49.5,147.0,414,1206,49
31864,278,56,55.6,108,54,54.0,63.2,316,55.142857142857146,1.6,0.0,278,108,16386
31772,122,66,61.0,109,55,54.5,74.0,148,57.75,1.0,0.5,122,109,501
7492,224,56,56.0,108,54,54.0,64.0,256,55.333333333333336,2.0,0.0,224,108,1043
12074,260,148,86.66666666666667,233,125,77.66666666666667,125.33333333333333,376,82.16666666666667,32.666666666666664,23.666666666666668,260,233,257
7493,122,66,61.0,109,55,54.5,74.0,148,57.75,1.0,0.5,122,109,1248
33111,110,56,55.0,216,54,54.0,62.0,124,54.333333333333336,1.0,0.0,110,216,501
443,1596,571,159.6,4267,1474,355.5833333333333,271.2,2712,266.5,104.4,300.5833333333333,1596,4267,64240
443,1837,852,204.11111111111111,4230,1474,384.54545454545456,360.22222222222223,3242,303.35,148.77777777777777,329.45454545454544,1837,4230,64240
30583,2185,1278,364.1666666666667,1558,725,259.6666666666667,680.3333333333334,4082,311.9166666666667,308.1666666666667,205.66666666666666,2185,1558,291
31501,597,307,99.5,628,465,157.0,151.0,906,122.5,43.5,103.0,597,628,298
30888,627,393,125.4,563,346,112.6,202.8,1014,119.0,69.0,58.6,627,563,232
31839,112,56,56.0,108,54,54.0,64.0,128,55.0,2.0,0.0,112,108,509
49692,224,56,56.0,108,54,54.0,64.0,256,55.333333333333336,2.0,0.0,224,108,260
31091,845,465,120.71428571428571,1434,1272,358.5,193.42857142857142,1354,207.1818181818182,66.71428571428571,304.5,845,1434,346
30241,224,56,56.0,108,54,54.0,64.0,256,55.333333333333336,2.0,0.0,224,108,348
31790,310,78,62.0,217,55,54.25,76.0,380,58.55555555555556,5.6,0.25,310,217,83
7487,2451,1466,408.5,604,441,151.0,769.0,4614,305.5,352.5,97.0,2451,604,806
443,2604,1466,372.0,1238,672,176.85714285714286,696.0,4872,274.42857142857144,316.2857142857143,119.42857142857143,2604,1238,64240
443,646,356,129.2,636,125,79.5,210.4,1052,98.61538461538461,75.2,25.5,646,636,512
31748,651,196,93.0,479,181,95.8,138.0,966,94.16666666666667,39.0,41.8,651,479,11
443,1044,294,174.0,1058,316,211.6,300.0,1800,191.0909090909091,120.0,157.6,1044,1058,516
31751,897,534,149.5,3647,1490,607.8333333333334,251.0,1506,378.6666666666667,95.5,553.8333333333334,897,3647,107
33105,225,93,75.0,216,54,54.0,102.0,306,63.0,21.0,0.0,225,216,76
31855,278,56,55.6,108,54,54.0,63.2,316,55.142857142857146,1.6,0.0,278,108,16386
31858,224,56,56.0,108,54,54.0,64.0,256,55.333333333333336,2.0,0.0,224,108,63
12077,414,153,103.5,1206,864,201.0,159.0,636,162.0,49.5,147.0,414,1206,49
31864,278,56,55.6,108,54,54.0,63.2,316,55.142857142857146,1.6,0.0,278,108,16386
31772,122,66,61.0,109,55,54.5,74.0,148,57.75,1.0,0.5,122,109,501
7492,224,56,56.0,108,54,54.0,64.0,256,55.333333333333336,2.0,0.0,224,108,1043
12074,372,148,74.4,287,125,71.75,100.8,504,73.22222222222223,20.4,17.75,372,287,257
7493,122,66,61.0,109,55,54.5,74.0,148,57.75,1.0,0.5,122,109,1248
33111,110,56,55.0,216,54,54.0,62.0,124,54.333333333333336,1.0,0.0,110,216,501
443,1596,571,159.6,4267,1474,355.5833333333333,271.2,2712,266.5,104.4,300.5833333333333,1596,4267,64240
443,1837,852,204.11111111111111,4230,1474,384.54545454545456,360.22222222222223,3242,303.35,148.77777777777777,329.45454545454544,1837,4230,64240
30583,2185,1278,364.1666666666667,1558,725,259.6666666666667,680.3333333333334,4082,311.9166666666667,308.1666666666667,205.66666666666666,2185,1558,291
31501,597,307,99.5,628,465,157.0,151.0,906,122.5,43.5,103.0,597,628,298
30888,627,393,125.4,563,346,112.6,202.8,1014,119.0,69.0,58.6,627,563,232
31839,112,56,56.0,108,54,54.0,64.0,128,55.0,2.0,0.0,112,108,509
49692,224,56,56.0,108,54,54.0,64.0,256,55.333333333333336,2.0,0.0,224,108,260
31091,845,465,120.71428571428571,1434,1272,358.5,193.42857142857142,1354,207.1818181818182,66.71428571428571,304.5,845,1434,346
30241,224,56,56.0,108,54,54.0,64.0,256,55.333333333333336,2.0,0.0,224,108,348
31790,310,78,62.0,217,55,54.25,76.0,380,58.55555555555556,5.6,0.25,310,217,83
7487,2451,1466,408.5,604,441,151.0,769.0,4614,305.5,352.5,97.0,2451,604,806
443,2604,1466,372.0,1238,672,176.85714285714286,696.0,4872,274.42857142857144,316.2857142857143,119.42857142857143,2604,1238,64240
443,646,356,129.2,636,125,79.5,210.4,1052,98.61538461538461,75.2,25.5,646,636,512
31748,651,196,93.0,479,181,95.8,138.0,966,94.16666666666667,39.0,41.8,651,479,11
443,1126,294,160.85714285714286,1192,316,170.28571428571428,273.7142857142857,1916,165.57142857142858,106.85714285714286,116.28571428571429,1126,1192,516
31751,897,534,149.5,3647,1490,607.8333333333334,251.0,1506,378.6666666666667,95.5,553.8333333333334,897,3647,107
33105,225,93,75.0,216,54,54.0,102.0,306,63.0,21.0,0.0,225,216,76
31855,278,56,55.6,108,54,54.0,63.2,316,55.142857142857146,1.6,0.0,278,108,16386
31858,224,56,56.0,108,54,54.0,64.0,256,55.333333333333336,2.0,0.0,224,108,63
12077,414,153,103.5,1206,864,201.0,159.0,636,162.0,49.5,147.0,414,1206,49
31864,278,56,55.6,108,54,54.0,63.2,316,55.142857142857146,1.6,0.0,278,108,16386
31772,122,66,61.0,109,55,54.5,74.0,148,57.75,1.0,0.5,122,109,501
7492,224,56,56.0,108,54,54.0,64.0,256,55.333333333333336,2.0,0.0,224,108,1043
12074,372,148,74.4,287,125,71.75,100.8,504,73.22222222222223,20.4,17.75,372,287,257
7493,122,66,61.0,109,55,54.5,74.0,148,57.75,1.0,0.5,122,109,1248
33111,110,56,55.0,216,54,54.0,62.0,124,54.333333333333336,1.0,0.0,110,216,501
443,1596,571,159.6,4267,1474,355.5833333333333,271.2,2712,266.5,104.4,300.5833333333333,1596,4267,64240
443,1837,852,204.11111111111111,4230,1474,384.54545454545456,360.22222222222223,3242,303.35,148.77777777777777,329.45454545454544,1837,4230,64240
30583,2185,1278,364.1666666666667,1558,725,259.6666666666667,680.3333333333334,4082,311.9166666666667,308.1666666666667,205.66666666666666,2185,1558,291
31501,597,307,99.5,628,465,157.0,151.0,906,122.5,43.5,103.0,597,628,298
30888,627,393,125.4,563,346,112.6,202.8,1014,119.0,69.0,58.6,627,563,232
31839,112,56,56.0,108,54,54.0,64.0,128,55.0,2.0,0.0,112,108,509
49692,224,56,56.0,108,54,54.0,64.0,256,55.333333333333336,2.0,0.0,224,108,260
31091,845,465,120.71428571428571,1434,1272,358.5,193.42857142857142,1354,207.1818181818182,66.71428571428571,304.5,845,1434,346
30241,224,56,56.0,108,54,54.0,64.0,256,55.333333333333336,2.0,0.0,224,108,348
31790,310,78,62.0,217,55,54.25,76.0,380,58.55555555555556,5.6,0.25,310,217,83
7487,2451,1466,408.5,604,441,151.0,769.0,4614,305.5,352.5,97.0,2451,604,806
443,2604,1466,372.0,1238,672,176.85714285714286,696.0,4872,274.42857142857144,316.2857142857143,119.42857142857143,2604,1238,64240
443,646,356,129.2,636,125,79.5,210.4,1052,98.61538461538461,75.2,25.5,646,636,512
31748,651,196,93.0,479,181,95.8,138.0,966,94.16666666666667,39.0,41.8,651,479,11
443,1126,294,160.85714285714286,1192,316,170.28571428571428,273.7142857142857,1916,165.57142857142858,106.85714285714286,116.28571428571429,1126,1192,516
31751,897,534,149.5,3647,1490,607.8333333333334,251.0,1506,378.6666666666667,95.5,553.8333333333334,897,3647,107
33105,225,93,75.0,216,54,54.0,102.0,306,63.0,21.0,0.0,225,216,76
31855,278,56,55.6,108,54,54.0,63.2,316,55.142857142857146,1.6,0.0,278,108,16386
31858,224,56,56.0,108,54,54.0,64.0,256,55.333333333333336,2.0,0.0,224,108,63
12077,414,153,103.5,1332,864,190.28571428571428,159.0,636,158.72727272727272,49.5,136.28571428571428,414,1332,49
31864,278,56,55.6,108,54,54.0,63.2,316,55.142857142857146,1.6,0.0,278,108,16386
31772,122,66,61.0,109,55,54.5,74.0,148,57.75,1.0,0.5,122,109,501
7492,224,56,56.0,108,54,54.0,64.0,256,55.333333333333336,2.0,0.0,224,108,1043
12074,520,148,86.66666666666667,466,125,77.66666666666667,125.33333333333333,752,82.16666666666667,32.666666666666664,23.666666666666668,520,466,257
7493,122,66,61.0,109,55,54.5,74.0,148,57.75,1.0,0.5,122,109,1248
33111,110,56,55.0,216,54,54.0,62.0,124,54.333333333333336,1.0,0.0,110,216,501
443,1596,571,159.6,4267,1474,355.5833333333333,271.2,2712,266.5,104.4,300.5833333333333,1596,4267,64240
443,1837,852,204.11111111111111,4230,1474,384.54545454545456,360.22222222222223,3242,303.35,148.77777777777777,329.45454545454544,1837,4230,64240
30583,2185,1278,364.1666666666667,1558,725,259.6666666666667,680.3333333333334,4082,311.9166666666667,308.1666666666667,205.66666666666666,2185,1558,291
31501,597,307,99.5,628,465,157.0,151.0,906,122.5,43.5,103.0,597,628,298
30888,627,393,125.4,563,346,112.6,202.8,1014,119.0,69.0,58.6,627,563,232
31839,112,56,56.0,108,54,54.0,64.0,128,55.0,2.0,0.0,112,108,509
49692,224,56,56.0,108,54,54.0,64.0,256,55.333333333333336,2.0,0.0,224,108,260
31091,845,465,120.71428571428571,1434,1272,358.5,193.42857142857142,1354,207.1818181818182,66.71428571428571,304.5,845,1434,346
30241,224,56,56.0,108,54,54.0,64.0,256,55.333333333333336,2.0,0.0,224,108,348
31790,310,78,62.0,217,55,54.25,76.0,380,58.55555555555556,5.6,0.25,310,217,83
7487,2451,1466,408.5,604,441,151.0,769.0,4614,305.5,352.5,97.0,2451,604,806
443,2604,1466,372.0,1238,672,176.85714285714286,696.0,4872,274.42857142857144,316.2857142857143,119.42857142857143,2604,1238,64240
443,646,356,129.2,636,125,79.5,210.4,1052,98.61538461538461,75.2,25.5,646,636,512
31748,651,196,93.0,479,181,95.8,138.0,966,94.16666666666667,39.0,41.8,651,479,11
443,1126,294,160.85714285714286,1192,316,170.28571428571428,273.7142857142857,1916,165.57142857142858,106.85714285714286,116.28571428571429,1126,1192,516
31751,897,534,149.5,3647,1490,607.8333333333334,251.0,1506,378.6666666666667,95.5,553.8333333333334,897,3647,107
33105,225,93,75.0,216,54,54.0,102.0,306,63.0,21.0,0.0,225,216,76
31855,278,56,55.6,108,54,54.0,63.2,316,55.142857142857146,1.6,0.0,278,108,16386
31858,224,56,56.0,108,54,54.0,64.0,256,55.333333333333336,2.0,0.0,224,108,63
12077,563,153,112.6,1386,864,173.25,177.2,886,149.92307692307693,58.6,119.25,563,1386,49
31864,278,56,55.6,108,54,54.0,63.2,316,55.142857142857146,1.6,0.0,278,108,16386
31772,122,66,61.0,109,55,54.5,74.0,148,57.75,1.0,0.5,122,109,501
7492,224,56,56.0,108,54,54.0,64.0,256,55.333333333333336,2.0,0.0,224,108,1043
12074,520,148,86.66666666666667,466,125,77.66666666666667,125.33333333333333,752,82.16666666666667,32.666666666666664,23.666666666666668,520,466,257
7493,122,66,61.0,109,55,54.5,74.0,148,57.75,1.0,0.5,122,109,1248
33111,110,56,55.0,216,54,54.0,62.0,124,54.333333333333336,1.0,0.0,110,216,501
443,1596,571,159.6,4267,1474,355.5833333333333,271.2,2712,266.5,104.4,300.5833333333333,1596,4267,64240
