Destination Port,Total Length of Fwd Packets,Total Length of Bwd Packets,Fwd Packet Length Max,Fwd Packet Length Mean,Bwd Packet Length Max,Bwd Packet Length Mean,Fwd Header Length,Average Packet Size,Avg Fwd Segment Size,Avg Bwd Segment Size,Fwd Header Length.1,Subflow Fwd Bytes,Subflow Bwd Bytes,Init_Win_bytes_forward
443,348,294,174,372,316,186,300,600,180,120,132,348,372,510
443,348,294,174,372,316,186,300,600,180,120,132,348,372,510
443,4057,1506,507.125,52828,1506,1354.564103,966.25,7730,1210.319149,453.125,1300.564103,4057,52828,516
443,7425,1506,742.5,33675,1506,962.1428571,1437,14370,913.3333333,688.5,908.1428571,7425,33675,516
443,3997,1506,444.1111111,3682,1506,526,840.2222222,7562,479.9375,388.7777778,470.2857143,3997,3682,64240
443,3490,1506,436.25,3416,1506,683.2,824.5,6596,531.2307692,380.75,626.8,3490,3416,64240
443,1711,1506,427.75,66,66,66,807.5,3230,355.4,370.75,0,1711,66,64240
443,348,294,174,372,316,186,300,600,180,120,132,348,372,510
443,7335,1506,333.4090909,167308,1506,1178.225352,618.8181818,13614,1064.896341,279.4090909,1124.225352,7335,167308,516
443,11540,1506,501.7391304,106427,1506,1075.020202,955.4782609,21976,966.942623,447.7391304,1021.020202,11540,106427,516
443,6717,1506,419.8125,41073,1506,1173.514286,791.625,12666,937.0588235,365.0625,1119.171429,6717,41073,64240
443,3598,1506,359.8,15060,1506,836.6666667,671.6,6716,666.3571429,304.6,782,3598,15060,64240
443,1953,1506,279,3682,1506,526,510,3570,402.5,223.2857143,470.2857143,1953,3682,64240
443,348,294,174,372,316,186,300,600,180,120,132,348,372,510
443,8888,1506,329.1851852,189388,1506,1161.889571,610.3703704,16480,1043.557895,275.1851852,1107.889571,8888,189388,516
443,18227,1506,433.9761905,235532,1506,1085.400922,819.952381,34438,979.7644788,379.9761905,1031.400922,18227,235532,516
443,10254,1506,379.7777778,123741,1506,1201.368932,711.5555556,19212,1030.730769,325.3333333,1147.252427,10254,123741,64240
443,6186,1506,412.4,52735,1506,1054.7,776.8,11652,906.4769231,357.6,1000.46,6186,52735,64240
443,1953,1506,279,3682,1506,526,510,3570,402.5,223.2857143,470.2857143,1953,3682,64240
443,348,294,174,372,316,186,300,600,180,120,132,348,372,510
443,13690,1506,304.2222222,310398,1506,1136.989011,560.4444444,25220,1019.144654,250.2222222,1082.989011,13690,310398,516
443,18227,1506,433.9761905,235588,1506,1080.678899,819.952381,34438,976.2115385,379.9761905,1026.678899,18227,235588,516
443,11732,1506,391.0666667,132505,1506,1172.610619,734.1333333,22024,1008.65035,336.6666667,1118.504425,11732,132505,64240
443,7602,1506,380.1,98068,1506,1127.218391,712.2,14244,987.5700935,325.5,1073.08046,7602,98068,64240
443,1953,1506,279,3682,1506,526,510,3570,402.5,223.2857143,470.2857143,1953,3682,64240
443,348,294,174,372,316,186,300,600,180,120,132,348,372,510
443,14642,1506,292.84,342678,1506,1130.950495,537.68,26884,1012.23796,238.84,1076.950495,14642,342678,516
443,18227,1506,433.9761905,235588,1506,1080.678899,819.952381,34438,976.2115385,379.9761905,1026.678899,18227,235588,516
443,13127,1506,305.2790698,237964,1506,1245.884817,562.5581395,24190,1073.038462,251,1191.82199,13127,237964,64240
443,9811,1506,272.5277778,233105,1506,1159.726368,497.0555556,17894,1024.962025,218.1944444,1105.666667,9811,233105,64240
443,2689,1506,336.125,3682,1506,526,624.25,4994,424.7333333,280.625,470.2857143,2689,3682,64240
6802,112,56,56,54,54,54,64,128,55.33333333,2,0,112,54,1346
443,348,294,174,372,316,186,300,600,180,120,132,348,372,510
443,18510,1506,220.3571429,604049,1506,1144.032197,392.7142857,32988,1017.253268,166.3571429,1090.032197,18510,604049,516
443,19013,1506,432.1136364,246984,1506,1078.532751,816.2272727,35914,974.3479853,378.1136364,1024.532751,19013,246984,516
443,13181,1506,299.5681818,238018,1506,1239.677083,551.1363636,24250,1064.402542,245.2954545,1185.614583,13181,238018,64240
443,11517,1506,209.4,405361,1506,1151.59375,370.8,20394,1024.27027,155.1818182,1097.559659,11517,405361,64240
443,3957,1506,208.2631579,97689,1506,1356.791667,368.5263158,7002,1116.989011,153.6315789,1302.625,3957,97689,64240
6802,112,56,56,54,54,54,64,128,55.33333333,2,0,112,54,1346
443,425,175,106.25,448,161,112,164.5,658,109.125,52.25,58,425,448,514
443,348,294,174,372,316,186,300,600,180,120,132,348,372,510
443,18510,1506,220.3571429,604105,1506,1141.975425,392.7142857,32988,1015.685155,166.3571429,1087.975425,18510,604105,516
443,21297,1506,354.95,374564,1506,1131.613293,661.9,39714,1012.432225,300.95,1077.613293,21297,374564,516
443,13181,1506,299.5681818,238018,1506,1239.677083,551.1363636,24250,1064.402542,245.2954545,1185.614583,13181,238018,64240
443,15450,1506,171.6666667,671657,1506,1142.27381,295.3333333,26580,1013.432153,117.5333333,1088.253401,15450,671657,64240
443,4335,1506,166.7307692,141385,1506,1285.318182,285.4615385,7422,1071.470588,112.2692308,1231.209091,4335,141385,64240
6802,641,183,80.125,2024,1474,337.3333333,112.25,898,190.3571429,26.125,283.3333333,641,2024,1346
443,425,175,106.25,448,161,112,164.5,658,109.125,52.25,58,425,448,514
6912,353,100,70.6,324,54,54,93.2,466,61.54545455,16.6,0,353,324,63
443,348,294,174,372,316,186,300,600,180,120,132,348,372,510
443,21491,1506,190.1858407,849630,1506,1154.388587,332.3716814,37558,1026.055359,136.1858407,1100.388587,21491,849630,516
443,21297,1506,354.95,374620,1506,1128.373494,661.9,39714,1009.992347,300.95,1074.373494,21297,374620,516
443,13181,1506,299.5681818,238018,1506,1239.677083,551.1363636,24250,1064.402542,245.2954545,1185.614583,13181,238018,64240
443,19002,1506,162.4102564,859156,1506,1139.464191,276.8205128,32388,1008.21814,108.3076923,1085.448276,19002,859156,64240
443,6885,1506,146.4893617,330066,1506,1240.849624,244.9787234,11514,1076.520767,92.23404255,1186.804511,6885,330066,64240
6802,641,183,80.125,2024,1474,337.3333333,112.25,898,190.3571429,26.125,283.3333333,641,2024,1346
443,425,175,106.25,448,161,112,164.5,658,109.125,52.25,58,425,448,514
6912,353,100,70.6,324,54,54,93.2,466,61.54545455,16.6,0,353,324,63
443,348,294,174,372,316,186,300,600,180,120,132,348,372,510
443,25124,1506,182.057971,1005585,1506,1150.55492,316.115942,43624,1018.487154,128.057971,1096.55492,25124,1005585,516
443,22706,1506,311.0410959,511052,1506,1156.226244,574.0821918,41908,1036.423301,257.0410959,1102.226244,22706,511052,516
443,13181,1506,299.5681818,238018,1506,1239.677083,551.1363636,24250,1064.402542,245.2954545,1185.614583,13181,238018,64240
443,26531,1506,178.0604027,1113793,1506,1137.684372,308.1208054,45910,1010.925532,123.9798658,1083.672114,26531,1113793,64240
443,11827,1506,135.9425287,583643,1506,1191.108163,223.8850575,19478,1032.010399,81.8045977,1137.083673,11827,583643,64240
6802,641,183,80.125,2024,1474,337.3333333,112.25,898,190.3571429,26.125,283.3333333,641,2024,1346
443,425,175,106.25,448,161,112,164.5,658,109.125,52.25,58,425,448,514
6912,353,100,70.6,324,54,54,93.2,466,61.54545455,16.6,0,353,324,63
443,348,294,174,372,316,186,300,600,180,120,132,348,372,510
443,27675,1506,183.2781457,1079699,1506,1147.395324,318.5562914,48102,1014.078755,129.2781457,1093.395324,27675,1079699,516
443,31611,1506,339.9032258,602790,1506,1154.770115,631.8064516,58758,1031.546341,285.9032258,1100.770115,31611,602790,516
443,13181,1506,299.5681818,238018,1506,1239.677083,551.1363636,24250,1064.402542,245.2954545,1185.614583,13181,238018,64240
443,28834,1506,187.2337662,1138518,1506,1135.112662,326.4675325,50276,1008.947277,133.1558442,1081.100698,28834,1138518,64240
443,11827,1506,135.9425287,583699,1506,1188.796334,223.8850575,19478,1030.321799,81.8045977,1134.771894,11827,583699,64240
6802,641,183,80.125,2024,1474,337.3333333,112.25,898,190.3571429,26.125,283.3333333,641,2024,1346
443,425,175,106.25,448,161,112,164.5,658,109.125,52.25,58,425,448,514
6912,353,100,70.6,324,54,54,93.2,466,61.54545455,16.6,0,353,324,63
443,348,294,174,372,316,186,300,600,180,120,132,348,372,510
443,27675,1506,183.2781457,1079699,1506,1147.395324,318.5562914,48102,1014.078755,129.2781457,1093.395324,27675,1079699,516
443,40366,1506,339.210084,747124,1506,1145.895706,630.4201681,75020,1021.387808,285.210084,1091.895706,40366,747124,516
443,13181,1506,299.5681818,238018,1506,1239.677083,551.1363636,24250,1064.402542,245.2954545,1185.614583,13181,238018,64240
443,28834,1506,187.2337662,1138518,1506,1135.112662,326.4675325,50276,1008.947277,133.1558442,1081.100698,28834,1138518,64240
443,18164,1506,174.6538462,692363,1506,1197.859862,301.3076923,31336,1041.828446,120.5384615,1143.8391,18164,692363,64240
6802,641,183,80.125,2024,1474,337.3333333,112.25,898,190.3571429,26.125,283.3333333,641,2024,1346
443,425,175,106.25,448,161,112,164.5,658,109.125,52.25,58,425,448,514
6912,353,100,70.6,324,54,54,93.2,466,61.54545455,16.6,0,353,324,63
443,348,294,174,372,316,186,300,600,180,120,132,348,372,510
443,31220,1506,190.3658537,1162444,1506,1154.363456,332.7317073,54568,1019.354398,136.3658537,1100.363456,31220,1162444,516
443,47167,1506,362.8230769,814842,1506,1138.047486,677.6461538,88094,1018.923168,308.8230769,1084.047486,47167,814842,516
443,13181,1506,299.5681818,238018,1506,1239.677083,551.1363636,24250,1064.402542,245.2954545,1185.614583,13181,238018,64240
443,29158,1506,182.2375,1180634,1506,1142.917715,316.475,50636,1014.07544,128.1625,1088.906099,29158,1180634,64240
443,26508,1506,220.9,765717,1506,1183.488408,393.8,47256,1032.887875,166.8,1129.469861,26508,765717,64240
6802,641,183,80.125,2024,1474,337.3333333,112.25,898,190.3571429,26.125,283.3333333,641,2024,1346
443,425,175,106.25,448,161,112,164.5,658,109.125,52.25,58,425,448,514
6912,353,100,70.6,324,54,54,93.2,466,61.54545455,16.6,0,353,324,63
443,1837,852,204.1111111,4174,1474,417.4,360.2222222,3242,316.3684211,148.7777778,362.2,1837,4174,64240
7209,56,56,56,54,54,54,64,64,55,2,0,56,54,16386
7211,112,56,56,54,54,54,64,128,55.33333333,2,0,112,54,16385
7214,112,56,56,54,54,54,64,128,55.33333333,2,0,112,54,16386
443,348,294,174,372,316,186,300,600,180,120,132,348,372,510
443,39208,1506,203.1502591,1340660,1506,1148.808912,358.3005181,69152,1014.608824,149.1502591,1094.808912,39208,1340660,516
443,50808,1506,343.2972973,931994,1506,1135.193666,638.5945946,94512,1014.24355,289.2972973,1081.193666,50808,931994,516
443,13181,1506,299.5681818,238018,1506,1239.677083,551.1363636,24250,1064.402542,245.2954545,1185.614583,13181,238018,64240
443,33750,1506,190.6779661,1311260,1506,1162.464539,333.3559322,59004,1030.659004,136.6101695,1108.453901,33750,1311260,64240
443,26508,1506,220.9,765717,1506,1183.488408,393.8,47256,1032.887875,166.8,1129.469861,26508,765717,64240
6802,641,183,80.125,2024,1474,337.3333333,112.25,898,190.3571429,26.125,283.3333333,641,2024,1346
443,425,175,106.25,448,161,112,164.5,658,109.125,52.25,58,425,448,514
6912,353,100,70.6,324,54,54,93.2,466,61.54545455,16.6,0,353,324,63
443,1837,852,204.1111111,4230,1474,384.5454545,360.2222222,3242,303.35,148.7777778,329.4545455,1837,4230,64240
7209,112,56,56,54,54,54,64,128,55.33333333,2,0,112,54,16386
7211,112,56,56,54,54,54,64,128,55.33333333,2,0,112,54,16385
7214,112,56,56,54,54,54,64,128,55.33333333,2,0,112,54,16386
443,348,294,174,372,316,186,300,600,180,120,132,348,372,510
443,40738,1506,195.8557692,1469863,1506,1147.434036,343.7115385,71492,1014.507052,141.8557692,1093.434036,40738,1469863,516
443,51815,1506,336.461039,969741,1506,1132.875,624.9220779,96238,1011.441584,282.461039,1078.875,51815,969741,516
443,13181,1506,299.5681818,238018,1506,1239.677083,551.1363636,24250,1064.402542,245.2954545,1185.614583,13181,238018,64240
443,37656,1506,180.1722488,1541529,1506,1156.435859,312.3444976,65280,1024.114786,126.1148325,1102.426857,37656,1541529,64240
443,26778,1506,214.224,807833,1506,1193.254062,380.448,47556,1040.662095,160.128,1139.236337,26778,807833,64240
6802,641,183,80.125,2024,1474,337.3333333,112.25,898,190.3571429,26.125,283.3333333,641,2024,1346
443,425,175,106.25,448,161,112,164.5,658,109.125,52.25,58,425,448,514
6912,353,100,70.6,324,54,54,93.2,466,61.54545455,16.6,0,353,324,63
443,1837,852,204.1111111,4230,1474,384.5454545,360.2222222,3242,303.35,148.7777778,329.4545455,1837,4230,64240
7209,112,56,56,54,54,54,64,128,55.33333333,2,0,112,54,16386
7211,112,56,56,54,54,54,64,128,55.33333333,2,0,112,54,16385
7214,112,56,56,54,54,54,64,128,55.33333333,2,0,112,54,16386
7680,66,66,66,0,0,0,84,84,66,0,0,66,0,64240
443,696,294,174,687,316,229,300,1200,197.5714286,120,175,696,687,510
443,41534,1506,197.7809524,1473423,1506,1146.632685,347.5619048,72988,1013.349164,143.7809524,1092.632685,41534,1473423,516
443,54744,1506,299.147541,1219803,1506,1144.280488,550.295082,100704,1020.453963,245.147541,1090.280488,54744,1219803,516
443,13181,1506,299.5681818,238018,1506,1239.677083,551.1363636,24250,1064.402542,245.2954545,1185.614583,13181,238018,64240
443,39699,1506,179.6334842,1633927,1506,1153.903249,311.2669683,68790,1022.373855,125.5791855,1099.886299,39699,1633927,64240
443,30211,1506,202.7583893,992305,1506,1194.109507,357.5167785,53270,1043.383673,148.6778523,1140.095066,30211,992305,64240
6802,641,183,80.125,2024,1474,337.3333333,112.25,898,190.3571429,26.125,283.3333333,641,2024,1346
443,425,175,106.25,448,161,112,164.5,658,109.125,52.25,58,425,448,514
6912,353,100,70.6,324,54,54,93.2,466,61.54545455,16.6,0,353,324,63
443,1837,852,204.1111111,4230,1474,384.5454545,360.2222222,3242,303.35,148.7777778,329.4545455,1837,4230,64240
7209,112,56,56,54,54,54,64,128,55.33333333,2,0,112,54,16386
7211,112,56,56,54,54,54,64,128,55.33333333,2,0,112,54,16385
7214,112,56,56,54,54,54,64,128,55.33333333,2,0,112,54,16386
7680,132,66,66,0,0,0,84,168,66,0,0,132,0,64240
443,696,294,174,687,316,229,300,1200,197.5714286,120,175,696,687,510
443,44457,1506,187.5822785,1709250,1506,1151.010101,327.164557,77538,1018.412892,133.5822785,1097.010101,44457,1709250,516
443,57508,1506,277.8164251,1349235,1506,1140.519865,507.6328502,105080,1012.045324,223.8164251,1086.519865,57508,1349235,516
443,13181,1506,299.5681818,238018,1506,1239.677083,551.1363636,24250,1064.402542,245.2954545,1185.614583,13181,238018,64240
443,39699,1506,179.6334842,1633927,1506,1153.903249,311.2669683,68790,1022.373855,125.5791855,1099.886299,39699,1633927,64240
443,32800,1506,194.0828402,1184989,1506,1181.444666,340.1656805,57488,1039.069113,140.0118343,1127.432702,32800,1184989,64240
6802,641,183,80.125,2024,1474,337.3333333,112.25,898,190.3571429,26.125,283.3333333,641,2024,1346
443,850,175,106.25,951,161,105.6666667,164.5,1316,105.9411765,52.25,51.66666667,850,951,514
6912,353,100,70.6,324,54,54,93.2,466,61.54545455,16.6,0,353,324,63
443,1837,852,204.1111111,4230,1474,384.5454545,360.2222222,3242,303.35,148.7777778,329.4545455,1837,4230,64240
7209,112,56,56,54,54,54,64,128,55.33333333,2,0,112,54,16386
7211,112,56,56,54,54,54,64,128,55.33333333,2,0,112,54,16385
7214,112,56,56,54,54,54,64,128,55.33333333,2,0,112,54,16386
7680,132,66,66,0,0,0,84,168,66,0,0,132,0,64240
443,55,55,55,0,0,0,62,62,55,1,0,55,0,512
7171,56,56,56,54,54,54,64,64,55,2,0,56,54,509
49692,56,56,56,54,54,54,64,64,55,2,0,56,54,260
443,696,294,174,687,316,229,300,1200,197.5714286,120,175,696,687,510
443,49715,1506,178.8309353,1998487,1506,1147.896037,309.6618705,86086,1014.463596,124.8309353,1093.896037,49715,1998487,516
443,61438,1506,261.4382979,1561269,1506,1142.949488,474.8765957,111596,1013.558401,207.4382979,1088.949488,61438,1561269,516
443,13181,1506,299.5681818,238018,1506,1239.677083,551.1363636,24250,1064.402542,245.2954545,1185.614583,13181,238018,64240
443,39699,1506,179.6334842,1633927,1506,1153.903249,311.2669683,68790,1022.373855,125.5791855,1099.886299,39699,1633927,64240
443,38815,1506,173.28125,1557039,1506,1169.826446,298.5625,66878,1026.272669,119.2276786,1115.817431,38815,1557039,64240
6802,641,183,80.125,2024,1474,337.3333333,112.25,898,190.3571429,26.125,283.3333333,641,2024,1346
443,850,175,106.25,951,161,105.6666667,164.5,1316,105.9411765,52.25,51.66666667,850,951,514
6912,353,100,70.6,324,54,54,93.2,466,61.54545455,16.6,0,353,324,63
443,1837,852,204.1111111,4230,1474,384.5454545,360.2222222,3242,303.35,148.7777778,329.4545455,1837,4230,64240
7209,112,56,56,54,54,54,64,128,55.33333333,2,0,112,54,16386
7211,112,56,56,54,54,54,64,128,55.33333333,2,0,112,54,16385
7214,112,56,56,54,54,54,64,128,55.33333333,2,0,112,54,16386
7680,198,66,66,0,0,0,84,252,66,0,0,198,0,64240
443,55,55,55,0,0,0,62,62,55,1,0,55,0,512
7171,56,56,56,54,54,54,64,64,55,2,0,56,54,509
49692,112,56,56,54,54,54,64,128,55.33333333,2,0,112,54,260
443,696,294,174,687,316,229,300,1200,197.5714286,120,175,696,687,510
443,56489,1506,186.4323432,2168713,1506,1146.254228,324.8646865,98434,1013.759453,132.4323432,1092.254228,56489,2168713,516
443,64286,1506,259.2177419,1658553,1506,1146.201106,470.4354839,116668,1016.424189,205.2177419,1092.201106,64286,1658553,516
443,13181,1506,299.5681818,238018,1506,1239.677083,551.1363636,24250,1064.402542,245.2954545,1185.614583,13181,238018,64240
443,42040,1506,179.6581197,1722729,1506,1166.370345,311.3162393,72848,1031.425482,125.6068376,1112.354096,42040,1722729,64240
443,45584,1506,183.8064516,1707171,1506,1165.304437,319.6129032,79264,1023.207823,129.7580645,1111.296246,45584,1707171,64240
6802,641,183,80.125,2024,1474,337.3333333,112.25,898,190.3571429,26.125,283.3333333,641,2024,1346
443,850,175,106.25,951,161,105.6666667,164.5,1316,105.9411765,52.25,51.66666667,850,951,514
6912,353,100,70.6,324,54,54,93.2,466,61.54545455,16.6,0,353,324,63
443,1837,852,204.1111111,4230,1474,384.5454545,360.2222222,3242,303.35,148.7777778,329.4545455,1837,4230,64240
7209,112,56,56,54,54,54,64,128,55.33333333,2,0,112,54,16386
7211,112,56,56,54,54,54,64,128,55.33333333,2,0,112,54,16385
7214,112,56,56,54,54,54,64,128,55.33333333,2,0,112,54,16386
7680,198,66,66,0,0,0,84,252,66,0,0,198,0,64240
443,55,55,55,0,0,0,62,62,55,1,0,55,0,512
7171,56,56,56,54,54,54,64,64,55,2,0,56,54,509
49692,112,56,56,54,54,54,64,128,55.33333333,2,0,112,54,260
443,696,294,174,687,316,229,300,1200,197.5714286,120,175,696,687,510
443,64978,1506,203.69279,2266517,1506,1141.822166,359.3855799,114644,1011.933594,149.69279,1087.822166,64978,2266517,516
443,65474,1506,257.7716535,1709522,1506,1142.72861,467.5433071,118756,1014.283429,203.7716535,1088.72861,65474,1709522,516
443,13181,1506,299.5681818,238018,1506,1239.677083,551.1363636,24250,1064.402542,245.2954545,1185.614583,13181,238018,64240
443,46469,1506,180.1124031,1888383,1506,1162.081846,312.2248062,80554,1027.536909,126.0658915,1108.067077,46469,1888383,64240
443,47468,1506,179.8030303,1842088,1506,1162.200631,311.6060606,82264,1021.934018,125.7575758,1108.19306,47468,1842088,64240
6802,641,183,80.125,2024,1474,337.3333333,112.25,898,190.3571429,26.125,283.3333333,641,2024,1346
443,850,175,106.25,951,161,105.6666667,164.5,1316,105.9411765,52.25,51.66666667,850,951,514
6912,353,100,70.6,324,54,54,93.2,466,61.54545455,16.6,0,353,324,63
443,1837,852,204.1111111,4230,1474,384.5454545,360.2222222,3242,303.35,148.7777778,329.4545455,1837,4230,64240
7209,112,56,56,54,54,54,64,128,55.33333333,2,0,112,54,16386
7211,112,56,56,54,54,54,64,128,55.33333333,2,0,112,54,16385
7214,112,56,56,54,54,54,64,128,55.33333333,2,0,112,54,16386
7680,198,66,66,0,0,0,84,252,66,0,0,198,0,64240
443,55,55,55,0,0,0,62,62,55,1,0,55,0,512
7171,56,56,56,54,54,54,64,64,55,2,0,56,54,509
49692,112,56,56,54,54,54,64,128,55.33333333,2,0,112,54,260
443,696,294,174,687,316,229,300,1200,197.5714286,120,175,696,687,510
443,71991,1506,208.6695652,2424306,1506,1139.241541,369.3391304,127422,1009.420542,154.6695652,1085.241541,71991,2424306,516
443,68238,1506,253.6728625,1803676,1506,1152.508626,459.3457249,123564,1020.672846,199.6728625,1098.508626,68238,1803676,516
443,13181,1506,299.5681818,238018,1506,1239.677083,551.1363636,24250,1064.402542,245.2954545,1185.614583,13181,238018,64240
443,53177,1506,196.2250923,1961299,1506,1157.791617,344.4501845,93346,1025.178626,142.1808118,1103.77745,53177,1961299,64240
443,54785,1506,190.8885017,1988425,1506,1158.755828,333.7770035,95794,1020.074888,136.8466899,1104.748834,54785,1988425,64240
6802,641,183,80.125,2024,1474,337.3333333,112.25,898,190.3571429,26.125,283.3333333,641,2024,1346
443,850,175,106.25,951,161,105.6666667,164.5,1316,105.9411765,52.25,51.66666667,850,951,514
6912,353,100,70.6,324,54,54,93.2,466,61.54545455,16.6,0,353,324,63
443,1837,852,204.1111111,4230,1474,384.5454545,360.2222222,3242,303.35,148.7777778,329.4545455,1837,4230,64240
7209,112,56,56,54,54,54,64,128,55.33333333,2,0,112,54,16386
7211,112,56,56,54,54,54,64,128,55.33333333,2,0,112,54,16385
7214,112,56,56,54,54,54,64,128,55.33333333,2,0,112,54,16386
7680,198,66,66,0,0,0,84,252,66,0,0,198,0,64240
443,55,55,55,0,0,0,62,62,55,1,0,55,0,512
7171,56,56,56,54,54,54,64,64,55,2,0,56,54,509
49692,112,56,56,54,54,54,64,128,55.33333333,2,0,112,54,260
443,696,294,174,687,316,229,300,1200,197.5714286,120,175,696,687,510
443,78430,1506,211.972973,2591652,1506,1135.693252,375.9459459,139100,1006.81825,157.972973,1081.693252,78430,2591652,516
443,78473,1506,260.7076412,1999143,1506,1146.297592,473.4152824,142498,1015.949144,206.7076412,1092.297592,78473,1999143,516
443,13181,1506,299.5681818,238018,1506,1239.677083,551.1363636,24250,1064.402542,245.2954545,1185.614583,13181,238018,64240
443,59537,1506,208.9017544,2045516,1506,1154.354402,369.8035088,105394,1023.360719,154.8596491,1100.340858,59537,2045516,64240
443,58167,1506,196.5101351,2041913,1506,1156.236127,345.0202703,102126,1018.467507,142.4695946,1102.229332,58167,2041913,64240
6802,641,183,80.125,2024,1474,337.3333333,112.25,898,190.3571429,26.125,283.3333333,641,2024,1346
443,850,175,106.25,951,161,105.6666667,164.5,1316,105.9411765,52.25,51.66666667,850,951,514
6912,353,100,70.6,324,54,54,93.2,466,61.54545455,16.6,0,353,324,63
443,1837,852,204.1111111,4230,1474,384.5454545,360.2222222,3242,303.35,148.7777778,329.4545455,1837,4230,64240
7209,112,56,56,54,54,54,64,128,55.33333333,2,0,112,54,16386
7211,112,56,56,54,54,54,64,128,55.33333333,2,0,112,54,16385
7214,112,56,56,54,54,54,64,128,55.33333333,2,0,112,54,16386
7680,264,66,66,0,0,0,84,336,66,0,0,264,0,64240
443,55,55,55,0,0,0,62,62,55,1,0,55,0,512
7171,56,56,56,54,54,54,64,64,55,2,0,56,54,509
49692,112,56,56,54,54,54,64,128,55.33333333,2,0,112,54,260
443,696,294,174,687,316,229,300,1200,197.5714286,120,175,696,687,510
443,90088,1506,233.388601,2668921,1506,1132.818761,418.7772021,161648,1006.203136,179.388601,1078.818761,90088,2668921,516
443,84711,1506,262.2631579,2156290,1506,1143.313892,476.5263158,153918,1014.486646,208.2631579,1089.313892,84711,2156290,516
443,13181,1506,299.5681818,238018,1506,1239.677083,551.1363636,24250,1064.402542,245.2954545,1185.614583,13181,238018,64240
443,65663,1506,211.816129,2215436,1506,1154.474205,375.6322581,116446,1023.373262,157.7774194,1100.461699,65663,2215436,64240
443,58329,1506,195.0802676,2053909,1506,1156.480293,342.1605351,102306,1017.946024,141.0401338,1102.473536,58329,2053909,64240
6802,641,183,80.125,2024,1474,337.3333333,112.25,898,190.3571429,26.125,283.3333333,641,2024,1346
443,850,175,106.25,951,161,105.6666667,164.5,1316,105.9411765,52.25,51.66666667,850,951,514
6912,353,100,70.6,324,54,54,93.2,466,61.54545455,16.6,0,353,324,63
443,1837,852,204.1111111,4230,1474,384.5454545,360.2222222,3242,303.35,148.7777778,329.4545455,1837,4230,64240
7209,112,56,56,54,54,54,64,128,55.33333333,2,0,112,54,16386
7211,112,56,56,54,54,54,64,128,55.33333333,2,0,112,54,16385
7214,112,56,56,54,54,54,64,128,55.33333333,2,0,112,54,16386
7680,264,66,66,0,0,0,84,336,66,0,0,264,0,64240
443,55,55,55,0,0,0,62,62,55,1,0,55,0,512
7171,56,56,56,54,54,54,64,64,55,2,0,56,54,509
49692,112,56,56,54,54,54,64,128,55.33333333,2,0,112,54,260
443,696,294,174,687,316,229,300,1200,197.5714286,120,175,696,687,510
443,91173,1506,234.377892,2683119,1506,1131.640236,420.7557841,163674,1005.178261,180.377892,1077.640236,91173,2683119,516
443,91283,1506,260.8085714,2352329,1506,1141.353227,473.6171429,165766,1013.526338,206.8085714,1087.353227,91283,2352329,516
443,13181,1506,299.5681818,238018,1506,1239.677083,551.1363636,24250,1064.402542,245.2954545,1185.614583,13181,238018,64240
443,73090,1506,215.6047198,2408942,1506,1152.052606,383.2094395,129908,1021.412346,161.5693215,1098.041129,73090,2408942,64240
443,61077,1506,202.2417219,2063848,1506,1156.865471,356.4834437,107658,1018.660115,148.2019868,1102.858744,61077,2063848,64240
6802,641,183,80.125,2024,1474,337.3333333,112.25,898,190.3571429,26.125,283.3333333,641,2024,1346
443,850,175,106.25,951,161,105.6666667,164.5,1316,105.9411765,52.25,51.66666667,850,951,514
6912,353,100,70.6,324,54,54,93.2,466,61.54545455,16.6,0,353,324,63
443,1837,852,204.1111111,4230,1474,384.5454545,360.2222222,3242,303.35,148.7777778,329.4545455,1837,4230,64240
7209,112,56,56,54,54,54,64,128,55.33333333,2,0,112,54,16386
7211,112,56,56,54,54,54,64,128,55.33333333,2,0,112,54,16385
7214,112,56,56,54,54,54,64,128,55.33333333,2,0,112,54,16386
7680,264,66,66,0,0,0,84,336,66,0,0,264,0,64240
443,55,55,55,0,0,0,62,62,55,1,0,55,0,512
7171,56,56,56,54,54,54,64,64,55,2,0,56,54,509
49692,112,56,56,54,54,54,64,128,55.33333333,2,0,112,54,260
443,696,294,174,687,316,229,300,1200,197.5714286,120,175,696,687,510
443,96545,1506,238.382716,2771164,1506,1133.864157,428.7654321,173650,1006.566866,184.382716,1079.864157,96545,2771164,516
443,97967,1506,264.7756757,2462994,1506,1137.64157,481.5513514,178174,1010.241026,210.7756757,1083.64157,97967,2462994,516
443,13181,1506,299.5681818,238018,1506,1239.677083,551.1363636,24250,1064.402542,245.2954545,1185.614583,13181,238018,64240
443,80446,1506,222.2265193,2548243,1506,1148.892245,396.4530387,143516,1018.871705,168.1933702,1094.881425,80446,2548243,64240
443,62395,1506,199.3450479,2171590,1506,1161.899411,350.6900958,109766,1023.824473,145.3067093,1107.892991,62395,2171590,64240
6802,641,183,80.125,2024,1474,337.3333333,112.25,898,190.3571429,26.125,283.3333333,641,2024,1346
443,850,175,106.25,951,161,105.6666667,164.5,1316,105.9411765,52.25,51.66666667,850,951,514
6912,353,100,70.6,324,54,54,93.2,466,61.54545455,16.6,0,353,324,63
443,1837,852,204.1111111,4230,1474,384.5454545,360.2222222,3242,303.35,148.7777778,329.4545455,1837,4230,64240
7209,112,56,56,54,54,54,64,128,55.33333333,2,0,112,54,16386
7211,112,56,56,54,54,54,64,128,55.33333333,2,0,112,54,16385
7214,112,56,56,54,54,54,64,128,55.33333333,2,0,112,54,16386
7680,264,66,66,0,0,0,84,336,66,0,0,264,0,64240
443,55,55,55,0,0,0,62,62,55,1,0,55,0,512
7171,56,56,56,54,54,54,64,64,55,2,0,56,54,509
49692,112,56,56,54,54,54,64,128,55.33333333,2,0,112,54,260
443,696,294,174,687,316,229,300,1200,197.5714286,120,175,696,687,510
443,99540,1506,238.705036,2845384,1506,1133.619124,429.4100719,179064,1006.123676,184.705036,1079.619124,99540,2845384,516
443,104425,1506,273.3638743,2548851,1506,1136.358003,498.7277487,190514,1010.77181,219.3638743,1082.358003,104425,2548851,516
443,13181,1506,299.5681818,238018,1506,1239.677083,551.1363636,24250,1064.402542,245.2954545,1185.614583,13181,238018,64240
443,91933,1506,240.0339426,2670635,1506,1144.721389,432.0678851,165482,1017.145803,186.002611,1090.711102,91933,2670635,64240
443,66542,1506,201.6424242,2267165,1506,1162.648718,355.2848485,117244,1023.555702,147.6060606,1108.642564,66542,2267165,64240
6802,641,183,80.125,2024,1474,337.3333333,112.25,898,190.3571429,26.125,283.3333333,641,2024,1346
443,850,175,106.25,951,161,105.6666667,164.5,1316,105.9411765,52.25,51.66666667,850,951,514
6912,353,100,70.6,324,54,54,93.2,466,61.54545455,16.6,0,353,324,63
443,1837,852,204.1111111,4230,1474,384.5454545,360.2222222,3242,303.35,148.7777778,329.4545455,1837,4230,64240
7209,112,56,56,54,54,54,64,128,55.33333333,2,0,112,54,16386
7211,112,56,56,54,54,54,64,128,55.33333333,2,0,112,54,16385
7214,112,56,56,54,54,54,64,128,55.33333333,2,0,112,54,16386
7680,264,66,66,0,0,0,84,336,66,0,0,264,0,64240
443,55,55,55,0,0,0,62,62,55,1,0,55,0,512
7171,56,56,56,54,54,54,64,64,55,2,0,56,54,509
49692,112,56,56,54,54,54,64,128,55.33333333,2,0,112,54,260
443,670,616,335,449,393,224.5,622,1244,279.75,281,170.5,670,449,515
443,696,294,174,687,316,229,300,1200,197.5714286,120,175,696,687,510
443,102786,1506,237.3810624,2881311,1506,1135.268322,426.7621247,184788,1004.40828,183.0300231,1081.268322,102786,2881311,516
443,108241,1506,276.125,2599723,1506,1134.754692,504.25,197666,1009.30451,222.125,1080.754692,108241,2599723,516
443,13181,1506,299.5681818,238018,1506,1239.677083,551.1363636,24250,1064.402542,245.2954545,1185.614583,13181,238018,64240
443,95785,1506,246.2339332,2705872,1506,1143.165188,444.4678663,172898,1016.566401,192.2030848,1089.155049,95785,2705872,64240
443,74745,1506,215.4034582,2362023,1506,1158.990677,382.8069164,132834,1021.70566,161.3688761,1104.984789,74745,2362023,64240
6802,641,183,80.125,2024,1474,337.3333333,112.25,898,190.3571429,26.125,283.3333333,641,2024,1346
443,850,175,106.25,951,161,105.6666667,164.5,1316,105.9411765,52.25,51.66666667,850,951,514
6912,353,100,70.6,324,54,54,93.2,466,61.54545455,16.6,0,353,324,63
443,1837,852,204.1111111,4230,1474,384.5454545,360.2222222,3242,303.35,148.7777778,329.4545455,1837,4230,64240
7209,112,56,56,54,54,54,64,128,55.33333333,2,0,112,54,16386
7211,112,56,56,54,54,54,64,128,55.33333333,2,0,112,54,16385
7214,112,56,56,54,54,54,64,128,55.33333333,2,0,112,54,16386
7680,264,66,66,0,0,0,84,336,66,0,0,264,0,64240
443,55,55,55,0,0,0,62,62,55,1,0,55,0,512
7171,56,56,56,54,54,54,64,64,55,2,0,56,54,509
49692,112,56,56,54,54,54,64,128,55.33333333,2,0,112,54,260
443,670,616,335,449,393,224.5,622,1244,279.75,281,170.5,670,449,515
7069,178,66,59.33333333,109,55,54.5,70.66666667,212,57.4,1.333333333,0.5,178,109,318
6773,434,322,144.6666667,927,873,463.5,241.3333333,724,272.2,90.66666667,409.5,434,927,276
62883,419,307,139.6666667,519,465,259.5,231.3333333,694,187.6,85.66666667,205.5,419,519,1409
443,696,294,174,687,316,229,300,1200,197.5714286,120,175,696,687,510
443,106959,1506,241.9886878,2945976,1506,1136.126494,435.9773756,192702,1005.90939,187.6447964,1082.126494,106959,2945976,516
443,111107,1506,276.3855721,2648227,1506,1133.658818,504.7711443,202918,1007.791819,222.3855721,1079.658818,111107,2648227,516
443,13181,1506,299.5681818,238018,1506,1239.677083,551.1363636,24250,1064.402542,245.2954545,1185.614583,13181,238018,64240
443,102808,1506,252.5995086,2827199,1506,1142.302626,457.1990172,186080,1016.657529,198.5700246,1088.292929,102808,2827199,64240
443,84498,1506,230.8688525,2495910,1506,1155.513889,413.7377049,151428,1021.539192,176.8360656,1101.508333,84498,2495910,64240
6802,641,183,80.125,2024,1474,337.3333333,112.25,898,190.3571429,26.125,283.3333333,641,2024,1346
443,850,175,106.25,951,161,105.6666667,164.5,1316,105.9411765,52.25,51.66666667,850,951,514
6912,353,100,70.6,324,54,54,93.2,466,61.54545455,16.6,0,353,324,63
443,1837,852,204.1111111,4230,1474,384.5454545,360.2222222,3242,303.35,148.7777778,329.4545455,1837,4230,64240
7209,112,56,56,54,54,54,64,128,55.33333333,2,0,112,54,16386
7211,112,56,56,54,54,54,64,128,55.33333333,2,0,112,54,16385
7214,112,56,56,54,54,54,64,128,55.33333333,2,0,112,54,16386
7680,264,66,66,0,0,0,84,336,66,0,0,264,0,64240
443,55,55,55,0,0,0,62,62,55,1,0,55,0,512
7171,56,56,56,54,54,54,64,64,55,2,0,56,54,509
49692,112,56,56,54,54,54,64,128,55.33333333,2,0,112,54,260
443,1501,777,375.25,2037,1474,509.25,702.5,2810,442.25,321.25,455.25,1501,2037,515
7069,703,334,117.1666667,509,346,127.25,186.3333333,1118,121.2,61.16666667,73.25,703,509,318
6773,434,322,144.6666667,981,873,327,241.3333333,724,235.8333333,90.66666667,273,434,981,276
62883,419,307,139.6666667,573,465,191,231.3333333,694,165.3333333,85.66666667,137,419,573,1409
443,696,294,174,687,316,229,300,1200,197.5714286,120,175,696,687,510
443,109358,1506,242.4789357,3006869,1506,1138.96553,436.9578714,197068,1008.161436,188.1419069,1084.96553,109358,3006869,516
443,119316,1506,282.7393365,2766752,1506,1135.310628,517.478673,218376,1009.467646,228.7393365,1081.310628,119316,2766752,516
443,13181,1506,299.5681818,238018,1506,1239.677083,551.1363636,24250,1064.402542,245.2954545,1185.614583,13181,238018,64240
443,107675,1506,256.3690476,2917701,1506,1140.172333,464.7380952,195190,1015.56764,202.3404762,1086.162954,107675,2917701,64240
443,89725,1506,235.4986877,2577888,1506,1151.871314,422.9973753,161162,1018.561665,181.4671916,1097.865952,89725,2577888,64240
6802,641,183,80.125,2024,1474,337.3333333,112.25,898,190.3571429,26.125,283.3333333,641,2024,1346
443,850,175,106.25,951,161,105.6666667,164.5,1316,105.9411765,52.25,51.66666667,850,951,514
6912,353,100,70.6,324,54,54,93.2,466,61.54545455,16.6,0,353,324,63
443,1837,852,204.1111111,4230,1474,384.5454545,360.2222222,3242,303.35,148.7777778,329.4545455,1837,4230,64240
7209,112,56,56,54,54,54,64,128,55.33333333,2,0,112,54,16386
7211,112,56,56,54,54,54,64,128,55.33333333,2,0,112,54,16385
7214,112,56,56,54,54,54,64,128,55.33333333,2,0,112,54,16386
7680,330,66,66,0,0,0,84,420,66,0,0,330,0,64240
443,55,55,55,0,0,0,62,62,55,1,0,55,0,512
7171,56,56,56,54,54,54,64,64,55,2,0,56,54,509
49692,112,56,56,54,54,54,64,128,55.33333333,2,0,112,54,260
443,1501,777,375.25,2037,1474,509.25,702.5,2810,442.25,321.25,455.25,1501,2037,515
7069,703,334,117.1666667,509,346,127.25,186.3333333,1118,121.2,61.16666667,73.25,703,509,318
6773,434,322,144.6666667,981,873,327,241.3333333,724,235.8333333,90.66666667,273,434,981,276
62883,419,307,139.6666667,573,465,191,231.3333333,694,165.3333333,85.66666667,137,419,573,1409
443,696,294,174,687,316,229,300,1200,197.5714286,120,175,696,687,510
443,110759,1506,243.4263736,3039039,1506,1140.780405,438.8527473,199678,1009.874319,189.0923077,1086.780405,110759,3039039,516
443,126133,1506,289.9609195,2830048,1506,1132.92554,531.9218391,231386,1007.903512,235.9609195,1078.920737,126133,2830048,516
443,13181,1506,299.5681818,238018,1506,1239.677083,551.1363636,24250,1064.402542,245.2954545,1185.614583,13181,238018,64240
443,107675,1506,256.3690476,2917701,1506,1140.172333,464.7380952,195190,1015.56764,202.3404762,1086.162954,107675,2917701,64240
443,96614,1506,240.3333333,2683200,1506,1149.122056,432.6666667,173932,1015.642674,186.3034826,1095.116916,96614,2683200,64240
6802,641,183,80.125,2024,1474,337.3333333,112.25,898,190.3571429,26.125,283.3333333,641,2024,1346
443,850,175,106.25,951,161,105.6666667,164.5,1316,105.9411765,52.25,51.66666667,850,951,514
6912,353,100,70.6,324,54,54,93.2,466,61.54545455,16.6,0,353,324,63
443,1837,852,204.1111111,4230,1474,384.5454545,360.2222222,3242,303.35,148.7777778,329.4545455,1837,4230,64240
7209,112,56,56,54,54,54,64,128,55.33333333,2,0,112,54,16386
7211,112,56,56,54,54,54,64,128,55.33333333,2,0,112,54,16385
7214,112,56,56,54,54,54,64,128,55.33333333,2,0,112,54,16386
7680,330,66,66,0,0,0,84,420,66,0,0,330,0,64240
443,55,55,55,0,0,0,62,62,55,1,0,55,0,512
7171,56,56,56,54,54,54,64,64,55,2,0,56,54,509
49692,112,56,56,54,54,54,64,128,55.33333333,2,0,112,54,260
443,1501,777,375.25,2037,1474,509.25,702.5,2810,442.25,321.25,455.25,1501,2037,515
7069,703,334,117.1666667,509,346,127.25,186.3333333,1118,121.2,61.16666667,73.25,703,509,318
6773,434,322,144.6666667,981,873,327,241.3333333,724,235.8333333,90.66666667,273,434,981,276
62883,419,307,139.6666667,573,465,191,231.3333333,694,165.3333333,85.66666667,137,419,573,1409
443,990,294,198,687,316,229,348,1740,209.625,144,175,990,687,510
443,112235,1506,242.9329004,3076421,1506,1142.801263,437.8658009,202294,1010.987952,188.6038961,1088.801263,112235,3076421,516
443,133693,1506,291.2701525,2962249,1506,1131.493125,534.540305,245354,1006.155996,237.2701525,1077.488541,133693,2962249,516
443,13181,1506,299.5681818,238018,1506,1239.677083,551.1363636,24250,1064.402542,245.2954545,1185.614583,13181,238018,64240
443,111012,1506,258.7692308,2979864,1506,1140.836141,469.5384615,201432,1016.401184,204.7412587,1086.826953,111012,2979864,64240
443,103992,1506,249.381295,2809344,1506,1145.735726,450.7625899,187968,1015.453468,195.352518,1091.725938,103992,2809344,64240
6802,641,183,80.125,2024,1474,337.3333333,112.25,898,190.3571429,26.125,283.3333333,641,2024,1346
443,850,175,106.25,951,161,105.6666667,164.5,1316,105.9411765,52.25,51.66666667,850,951,514
6912,353,100,70.6,324,54,54,93.2,466,61.54545455,16.6,0,353,324,63
443,1837,852,204.1111111,4230,1474,384.5454545,360.2222222,3242,303.35,148.7777778,329.4545455,1837,4230,64240
7209,112,56,56,54,54,54,64,128,55.33333333,2,0,112,54,16386
7211,112,56,56,54,54,54,64,128,55.33333333,2,0,112,54,16385
7214,112,56,56,54,54,54,64,128,55.33333333,2,0,112,54,16386
7680,330,66,66,0,0,0,84,420,66,0,0,330,0,64240
443,55,55,55,0,0,0,62,62,55,1,0,55,0,512
7171,56,56,56,54,54,54,64,64,55,2,0,56,54,509
49692,112,56,56,54,54,54,64,128,55.33333333,2,0,112,54,260
443,1501,777,375.25,2037,1474,509.25,702.5,2810,442.25,321.25,455.25,1501,2037,515
7069,703,334,117.1666667,509,346,127.25,186.3333333,1118,121.2,61.16666667,73.25,703,509,318
6773,434,322,144.6666667,981,873,327,241.3333333,724,235.8333333,90.66666667,273,434,981,276
62883,419,307,139.6666667,573,465,191,231.3333333,694,165.3333333,85.66666667,137,419,573,1409
443,1044,294,174,1058,316,211.6,300,1800,191.0909091,120,157.6,1044,1058,510
443,115106,1506,242.8396624,3159236,1506,1144.236146,437.6793249,207460,1012.16136,188.5189873,1090.236146,115106,3159236,516
443,134672,1506,288.9957082,3014206,1506,1131.458709,529.9914163,246976,1006.03131,234.9957082,1077.4497,134672,3014206,516
443,13181,1506,299.5681818,238018,1506,1239.677083,551.1363636,24250,1064.402542,245.2954545,1185.614583,13181,238018,64240
443,118839,1506,265.8590604,3122763,1506,1138.44805,483.7181208,216222,1016.176176,211.8322148,1084.4393,118839,3122763,64240
443,110521,1506,253.4885321,2933020,1506,1143.477583,458.9770642,200114,1014.175608,199.4610092,1089.468226,110521,2933020,64240
6802,641,183,80.125,2024,1474,337.3333333,112.25,898,190.3571429,26.125,283.3333333,641,2024,1346
443,850,175,106.25,951,161,105.6666667,164.5,1316,105.9411765,52.25,51.66666667,850,951,514
6912,353,100,70.6,324,54,54,93.2,466,61.54545455,16.6,0,353,324,63
443,1837,852,204.1111111,4230,1474,384.5454545,360.2222222,3242,303.35,148.7777778,329.4545455,1837,4230,64240
7209,112,56,56,54,54,54,64,128,55.33333333,2,0,112,54,16386
7211,112,56,56,54,54,54,64,128,55.33333333,2,0,112,54,16385
7214,112,56,56,54,54,54,64,128,55.33333333,2,0,112,54,16386
7680,330,66,66,0,0,0,84,420,66,0,0,330,0,64240
443,55,55,55,0,0,0,62,62,55,1,0,55,0,512
7171,56,56,56,54,54,54,64,64,55,2,0,56,54,509
49692,112,56,56,54,54,54,64,128,55.33333333,2,0,112,54,260
443,1501,777,375.25,2037,1474,509.25,702.5,2810,442.25,321.25,455.25,1501,2037,515
7069,703,334,117.1666667,509,346,127.25,186.3333333,1118,121.2,61.16666667,73.25,703,509,318
6773,434,322,144.6666667,981,873,327,241.3333333,724,235.8333333,90.66666667,273,434,981,276
62883,419,307,139.6666667,573,465,191,231.3333333,694,165.3333333,85.66666667,137,419,573,1409
443,55,55,55,0,0,0,62,62,55,1,0,55,0,516
443,1044,294,174,1058,316,211.6,300,1800,191.0909091,120,157.6,1044,1058,510
443,118786,1506,246.956341,3196670,1506,1145.759857,445.9126819,214484,1013.590951,192.6403326,1091.755556,118786,3196670,516
443,140781,1506,291.4720497,3121420,1506,1133.001815,534.9440994,258378,1007.474058,237.4720497,1078.993103,140781,3121420,516
443,13181,1506,299.5681818,238018,1506,1239.677083,551.1363636,24250,1064.402542,245.2954545,1185.614583,13181,238018,64240
443,125343,1506,273.6746725,3173371,1506,1135.780601,499.349345,228702,1014.364699,219.6484716,1081.772011,125343,3173371,64240
443,118019,1506,257.1220044,3055330,1506,1140.899925,466.2440087,214006,1011.587185,203.0958606,1086.890963,118019,3055330,64240
6802,641,183,80.125,2024,1474,337.3333333,112.25,898,190.3571429,26.125,283.3333333,641,2024,1346
443,850,175,106.25,951,161,105.6666667,164.5,1316,105.9411765,52.25,51.66666667,850,951,514
6912,353,100,70.6,324,54,54,93.2,466,61.54545455,16.6,0,353,324,63
443,1837,852,204.1111111,4230,1474,384.5454545,360.2222222,3242,303.35,148.7777778,329.4545455,1837,4230,64240
7209,112,56,56,54,54,54,64,128,55.33333333,2,0,112,54,16386
7211,112,56,56,54,54,54,64,128,55.33333333,2,0,112,54,16385
7214,112,56,56,54,54,54,64,128,55.33333333,2,0,112,54,16386
7680,330,66,66,0,0,0,84,420,66,0,0,330,0,64240
443,55,55,55,0,0,0,62,62,55,1,0,55,0,512
7171,56,56,56,54,54,54,64,64,55,2,0,56,54,509
49692,112,56,56,54,54,54,64,128,55.33333333,2,0,112,54,260
443,4014,1474,573.4285714,2450,1474,408.3333333,1098.857143,7692,497.2307692,519.4285714,354.3333333,4014,2450,515
7069,703,334,117.1666667,509,346,127.25,186.3333333,1118,121.2,61.16666667,73.25,703,509,318
6773,434,322,144.6666667,981,873,327,241.3333333,724,235.8333333,90.66666667,273,434,981,276
62883,419,307,139.6666667,573,465,191,231.3333333,694,165.3333333,85.66666667,137,419,573,1409
443,55,55,55,0,0,0,62,62,55,1,0,55,0,516
443,1044,294,174,1058,316,211.6,300,1800,191.0909091,120,157.6,1044,1058,510
443,118840,1506,246.5560166,3208722,1506,1145.563013,445.1120332,214544,1013.573561,192.2406639,1091.558729,118840,3208722,516
443,145979,1506,294.3125,3172068,1506,1130.459016,540.625,268150,1004.859782,240.3125,1076.450463,145979,3172068,516
443,13181,1506,299.5681818,238018,1506,1239.677083,551.1363636,24250,1064.402542,245.2954545,1185.614583,13181,238018,64240
443,131283,1506,272.9376299,3300377,1506,1133.760563,497.8752599,239478,1011.692217,218.9126819,1079.752319,131283,3300377,64240
443,120255,1506,259.7300216,3069665,1506,1139.022263,471.4600432,218286,1010.107663,205.7041037,1085.008905,120255,3069665,64240
6802,641,183,80.125,2024,1474,337.3333333,112.25,898,190.3571429,26.125,283.3333333,641,2024,1346
443,1221,263,111,1399,161,107.6153846,174,1914,109.1666667,57,53.61538462,1221,1399,514
6912,353,100,70.6,324,54,54,93.2,466,61.54545455,16.6,0,353,324,63
443,1837,852,204.1111111,4230,1474,384.5454545,360.2222222,3242,303.35,148.7777778,329.4545455,1837,4230,64240
7209,112,56,56,54,54,54,64,128,55.33333333,2,0,112,54,16386
7211,112,56,56,54,54,54,64,128,55.33333333,2,0,112,54,16385
7214,112,56,56,54,54,54,64,128,55.33333333,2,0,112,54,16386
7680,330,66,66,0,0,0,84,420,66,0,0,330,0,64240
443,55,55,55,0,0,0,62,62,55,1,0,55,0,512
7171,56,56,56,54,54,54,64,64,55,2,0,56,54,509
49692,112,56,56,54,54,54,64,128,55.33333333,2,0,112,54,260
443,4014,1474,573.4285714,2450,1474,408.3333333,1098.857143,7692,497.2307692,519.4285714,354.3333333,4014,2450,515
7069,703,334,117.1666667,509,346,127.25,186.3333333,1118,121.2,61.16666667,73.25,703,509,318
6773,434,322,144.6666667,981,873,327,241.3333333,724,235.8333333,90.66666667,273,434,981,276
62883,419,307,139.6666667,573,465,191,231.3333333,694,165.3333333,85.66666667,137,419,573,1409
443,55,55,55,0,0,0,62,62,55,1,0,55,0,516
443,1044,294,174,1058,316,211.6,300,1800,191.0909091,120,157.6,1044,1058,510
443,120692,1506,248.8494845,3216130,1506,1145.753473,449.6989691,218104,1013.615431,194.5360825,1091.749198,120692,3216130,516
443,153972,1506,298.9747573,3255667,1506,1128.089744,549.9495146,283224,1002.540135,244.9747573,1074.081428,153972,3255667,516
443,13181,1506,299.5681818,238018,1506,1239.677083,551.1363636,24250,1064.402542,245.2954545,1185.614583,13181,238018,64240
443,139505,1506,281.8282828,3364566,1506,1131.326833,515.6565657,255250,1010.10983,227.8040404,1077.318763,139505,3364566,64240
443,120255,1506,259.7300216,3069665,1506,1139.022263,471.4600432,218286,1010.107663,205.7041037,1085.008905,120255,3069665,64240
6802,641,183,80.125,2024,1474,337.3333333,112.25,898,190.3571429,26.125,283.3333333,641,2024,1346
443,1221,263,111,1399,161,107.6153846,174,1914,109.1666667,57,53.61538462,1221,1399,514
6912,353,100,70.6,324,54,54,93.2,466,61.54545455,16.6,0,353,324,63
443,1837,852,204.1111111,4230,1474,384.5454545,360.2222222,3242,303.35,148.7777778,329.4545455,1837,4230,64240
7209,112,56,56,54,54,54,64,128,55.33333333,2,0,112,54,16386
7211,112,56,56,54,54,54,64,128,55.33333333,2,0,112,54,16385
7214,112,56,56,54,54,54,64,128,55.33333333,2,0,112,54,16386
7680,330,66,66,0,0,0,84,420,66,0,0,330,0,64240
443,55,55,55,0,0,0,62,62,55,1,0,55,0,512
7171,56,56,56,54,54,54,64,64,55,2,0,56,54,509
49692,112,56,56,54,54,54,64,128,55.33333333,2,0,112,54,260
443,4014,1474,573.4285714,2450,1474,408.3333333,1098.857143,7692,497.2307692,519.4285714,354.3333333,4014,2450,515
7069,703,334,117.1666667,509,346,127.25,186.3333333,1118,121.2,61.16666667,73.25,703,509,318
6773,434,322,144.6666667,981,873,327,241.3333333,724,235.8333333,90.66666667,273,434,981,276
62883,419,307,139.6666667,573,465,191,231.3333333,694,165.3333333,85.66666667,137,419,573,1409
443,55,55,55,0,0,0,62,62,55,1,0,55,0,516
443,1044,294,174,1058,316,211.6,300,1800,191.0909091,120,157.6,1044,1058,510
443,122027,1506,250.5687885,3227535,1506,1145.328247,453.137577,220678,1013.483207,196.2566735,1091.323989,122027,3227535,516
443,163444,1506,304.3649907,3333949,1506,1125.573599,560.7299814,301112,999.5407259,250.3649907,1071.565496,163444,3333949,516
443,13181,1506,299.5681818,238018,1506,1239.677083,551.1363636,24250,1064.402542,245.2954545,1185.614583,13181,238018,64240
443,150938,1506,294.2261209,3444907,1506,1128.367835,540.4522417,277252,1008.369321,240.202729,1074.359974,150938,3444907,64240
443,124446,1506,262.5443038,3116042,1506,1138.488126,477.0886076,226140,1009.183432,208.5189873,1084.474973,124446,3116042,64240
6802,697,183,77.44444444,2078,1474,296.8571429,106.8888889,962,173.4375,23.44444444,242.8571429,697,2078,1346
443,1221,263,111,1399,161,107.6153846,174,1914,109.1666667,57,53.61538462,1221,1399,514
6912,353,100,70.6,324,54,54,93.2,466,61.54545455,16.6,0,353,324,63
443,1837,852,204.1111111,4230,1474,384.5454545,360.2222222,3242,303.35,148.7777778,329.4545455,1837,4230,64240
7209,112,56,56,54,54,54,64,128,55.33333333,2,0,112,54,16386
7211,112,56,56,54,54,54,64,128,55.33333333,2,0,112,54,16385
7214,112,56,56,54,54,54,64,128,55.33333333,2,0,112,54,16386
7680,330,66,66,0,0,0,84,420,66,0,0,330,0,64240
443,55,55,55,0,0,0,62,62,55,1,0,55,0,512
7171,56,56,56,54,54,54,64,64,55,2,0,56,54,509
49692,112,56,56,54,54,54,64,128,55.33333333,2,0,112,54,260
443,4014,1474,573.4285714,2450,1474,408.3333333,1098.857143,7692,497.2307692,519.4285714,354.3333333,4014,2450,515
7069,703,334,117.1666667,509,346,127.25,186.3333333,1118,121.2,61.16666667,73.25,703,509,318
6773,434,322,144.6666667,981,873,327,241.3333333,724,235.8333333,90.66666667,273,434,981,276
62883,419,307,139.6666667,573,465,191,231.3333333,694,165.3333333,85.66666667,137,419,573,1409
443,55,55,55,0,0,0,62,62,55,1,0,55,0,516
443,1044,294,174,1058,316,211.6,300,1800,191.0909091,120,157.6,1044,1058,510
443,122027,1506,250.5687885,3227591,1506,1144.941823,453.137577,220678,1013.193587,196.2566735,1090.937567,122027,3227591,516
443,169304,1506,310.0805861,3372987,1506,1123.579947,572.1611722,312400,998.3909245,256.0805861,1069.571952,169304,3372987,516
443,13181,1506,299.5681818,238018,1506,1239.677083,551.1363636,24250,1064.402542,245.2954545,1185.614583,13181,238018,64240
443,160230,1506,304.0417457,3498322,1506,1125.586229,560.0834915,295164,1006.47923,250.0189753,1071.578507,160230,3498322,64240
443,127990,1506,267.2025052,3124875,1506,1138.802843,486.4050104,232988,1009.266212,213.177453,1084.789723,127990,3124875,64240
6802,697,183,77.44444444,2078,1474,296.8571429,106.8888889,962,173.4375,23.44444444,242.8571429,697,2078,1346
443,1221,263,111,1399,161,107.6153846,174,1914,109.1666667,57,53.61538462,1221,1399,514
6912,353,100,70.6,324,54,54,93.2,466,61.54545455,16.6,0,353,324,63
443,1837,852,204.1111111,4230,1474,384.5454545,360.2222222,3242,303.35,148.7777778,329.4545455,1837,4230,64240
7209,112,56,56,54,54,54,64,128,55.33333333,2,0,112,54,16386
7211,112,56,56,54,54,54,64,128,55.33333333,2,0,112,54,16385
7214,112,56,56,54,54,54,64,128,55.33333333,2,0,112,54,16386
7680,330,66,66,0,0,0,84,420,66,0,0,330,0,64240
443,55,55,55,0,0,0,62,62,55,1,0,55,0,512
7171,56,56,56,54,54,54,64,64,55,2,0,56,54,509
49692,112,56,56,54,54,54,64,128,55.33333333,2,0,112,54,260
443,4014,1474,573.4285714,2450,1474,408.3333333,1098.857143,7692,497.2307692,519.4285714,354.3333333,4014,2450,515
7069,703,334,117.1666667,509,346,127.25,186.3333333,1118,121.2,61.16666667,73.25,703,509,318
6773,434,322,144.6666667,981,873,327,241.3333333,724,235.8333333,90.66666667,273,434,981,276
62883,419,307,139.6666667,573,465,191,231.3333333,694,165.3333333,85.66666667,137,419,573,1409
443,55,55,55,0,0,0,62,62,55,1,0,55,0,516
443,1044,294,174,1058,316,211.6,300,1800,191.0909091,120,157.6,1044,1058,510
443,124084,1506,250.6747475,3280480,1506,1147.823653,453.3494949,224408,1015.378467,196.3676768,1093.819454,124084,3280480,516
443,178551,1506,319.983871,3410673,1506,1121.19428,591.9677419,330318,997.0066667,265.983871,1067.186391,178551,3410673,516
443,13181,1506,299.5681818,238018,1506,1239.677083,551.1363636,24250,1064.402542,245.2954545,1185.614583,13181,238018,64240
443,170006,1506,313.0865562,3546981,1506,1122.817664,578.1731123,313948,1004.048352,259.0644567,1068.810066,170006,3546981,64240
443,133297,1506,272.591002,3169554,1506,1138.489224,497.1820041,243122,1009.120379,218.5664622,1084.476293,133297,3169554,64240
6802,697,183,77.44444444,2078,1474,296.8571429,106.8888889,962,173.4375,23.44444444,242.8571429,697,2078,1346
443,1221,263,111,1399,161,107.6153846,174,1914,109.1666667,57,53.61538462,1221,1399,514
6912,353,100,70.6,324,54,54,93.2,466,61.54545455,16.6,0,353,324,63
443,1837,852,204.1111111,4230,1474,384.5454545,360.2222222,3242,303.35,148.7777778,329.4545455,1837,4230,64240
7209,112,56,56,54,54,54,64,128,55.33333333,2,0,112,54,16386
7211,112,56,56,54,54,54,64,128,55.33333333,2,0,112,54,16385
7214,112,56,56,54,54,54,64,128,55.33333333,2,0,112,54,16386
7680,330,66,66,0,0,0,84,420,66,0,0,330,0,64240
443,55,55,55,0,0,0,62,62,55,1,0,55,0,512
7171,56,56,56,54,54,54,64,64,55,2,0,56,54,509
49692,112,56,56,54,54,54,64,128,55.33333333,2,0,112,54,260
443,4014,1474,573.4285714,2450,1474,408.3333333,1098.857143,7692,497.2307692,519.4285714,354.3333333,4014,2450,515
7069,703,334,117.1666667,509,346,127.25,186.3333333,1118,121.2,61.16666667,73.25,703,509,318
6773,434,322,144.6666667,981,873,327,241.3333333,724,235.8333333,90.66666667,273,434,981,276
62883,419,307,139.6666667,573,465,191,231.3333333,694,165.3333333,85.66666667,137,419,573,1409
443,55,55,55,0,0,0,62,62,55,1,0,55,0,516
443,1044,294,174,1058,316,211.6,300,1800,191.0909091,120,157.6,1044,1058,510
443,125085,1506,251.1746988,3298547,1506,1147.320696,454.3493976,226266,1015.010969,196.8694779,1093.316522,125085,3298547,516
443,181600,1506,321.9858156,3450437,1506,1120.271753,595.9716312,336128,996.7170692,267.9858156,1066.263961,181600,3450437,516
443,13181,1506,299.5681818,238018,1506,1239.677083,551.1363636,24250,1064.402542,245.2954545,1185.614583,13181,238018,64240
443,179051,1506,314.1245614,3685307,1506,1120.835462,580.2491228,330742,1001.648004,260.1035088,1066.828163,179051,3685307,64240
443,135247,1506,274.3346856,3189251,1506,1136.987879,500.6693712,246830,1008.034566,220.3103448,1082.975045,135247,3189251,64240
6802,697,183,77.44444444,2078,1474,296.8571429,106.8888889,962,173.4375,23.44444444,242.8571429,697,2078,1346
443,1221,263,111,1399,161,107.6153846,174,1914,109.1666667,57,53.61538462,1221,1399,514
6912,353,100,70.6,324,54,54,93.2,466,61.54545455,16.6,0,353,324,63
443,1837,852,204.1111111,4230,1474,384.5454545,360.2222222,3242,303.35,148.7777778,329.4545455,1837,4230,64240
7209,112,56,56,54,54,54,64,128,55.33333333,2,0,112,54,16386
7211,112,56,56,54,54,54,64,128,55.33333333,2,0,112,54,16385
7214,112,56,56,54,54,54,64,128,55.33333333,2,0,112,54,16386
7680,330,66,66,0,0,0,84,420,66,0,0,330,0,64240
443,55,55,55,0,0,0,62,62,55,1,0,55,0,512
7171,56,56,56,54,54,54,64,64,55,2,0,56,54,509
49692,112,56,56,54,54,54,64,128,55.33333333,2,0,112,54,260
443,4014,1474,573.4285714,2450,1474,408.3333333,1098.857143,7692,497.2307692,519.4285714,354.3333333,4014,2450,515
7069,703,334,117.1666667,509,346,127.25,186.3333333,1118,121.2,61.16666667,73.25,703,509,318
6773,434,322,144.6666667,981,873,327,241.3333333,724,235.8333333,90.66666667,273,434,981,276
62883,419,307,139.6666667,573,465,191,231.3333333,694,165.3333333,85.66666667,137,419,573,1409
443,55,55,55,0,0,0,62,62,55,1,0,55,0,516
443,1044,294,174,1058,316,211.6,300,1800,191.0909091,120,157.6,1044,1058,510
443,129971,1506,255.345776,3345768,1506,1148.958791,462.6915521,235510,1016.000877,201.0471513,1094.95467,129971,3345768,516
443,189258,1506,326.3068966,3525154,1506,1119.096508,604.6137931,350676,995.8209115,272.3068966,1065.088889,189258,3525154,516
443,13181,1506,299.5681818,238018,1506,1239.677083,551.1363636,24250,1064.402542,245.2954545,1185.614583,13181,238018,64240
443,182639,1506,317.0815972,3711020,1506,1119.125452,586.1631944,337630,1000.426259,263.0607639,1065.118215,182639,3711020,64240
443,135247,1506,274.3346856,3189251,1506,1136.987879,500.6693712,246830,1008.034566,220.3103448,1082.975045,135247,3189251,64240
6802,697,183,77.44444444,2078,1474,296.8571429,106.8888889,962,173.4375,23.44444444,242.8571429,697,2078,1346
443,1221,263,111,1399,161,107.6153846,174,1914,109.1666667,57,53.61538462,1221,1399,514
6912,353,100,70.6,324,54,54,93.2,466,61.54545455,16.6,0,353,324,63
443,1837,852,204.1111111,4230,1474,384.5454545,360.2222222,3242,303.35,148.7777778,329.4545455,1837,4230,64240
7209,112,56,56,54,54,54,64,128,55.33333333,2,0,112,54,16386
7211,112,56,56,54,54,54,64,128,55.33333333,2,0,112,54,16385
7214,112,56,56,54,54,54,64,128,55.33333333,2,0,112,54,16386
7680,330,66,66,0,0,0,84,420,66,0,0,330,0,64240
443,55,55,55,0,0,0,62,62,55,1,0,55,0,512
7171,56,56,56,54,54,54,64,64,55,2,0,56,54,509
49692,112,56,56,54,54,54,64,128,55.33333333,2,0,112,54,260
443,4014,1474,573.4285714,2450,1474,408.3333333,1098.857143,7692,497.2307692,519.4285714,354.3333333,4014,2450,515
7069,703,334,117.1666667,509,346,127.25,186.3333333,1118,121.2,61.16666667,73.25,703,509,318
6773,434,322,144.6666667,981,873,327,241.3333333,724,235.8333333,90.66666667,273,434,981,276
62883,419,307,139.6666667,573,465,191,231.3333333,694,165.3333333,85.66666667,137,419,573,1409
443,55,55,55,0,0,0,62,62,55,1,0,55,0,516
443,1044,294,174,1058,316,211.6,300,1800,191.0909091,120,157.6,1044,1058,510
443,135368,1506,261.3281853,3397949,1506,1147.180621,474.6563707,245872,1015.320977,207.034749,1093.17657,135368,3397949,516
443,196499,1506,330.8063973,3586138,1506,1117.525086,613.6127946,364486,994.645543,276.8063973,1063.517607,196499,3586138,516
443,13181,1506,299.5681818,238018,1506,1239.677083,551.1363636,24250,1064.402542,245.2954545,1185.614583,13181,238018,64240
443,189783,1506,320.5793919,3835667,1506,1117.944331,593.1587838,351150,1000.608998,266.5591216,1063.937336,189783,3835667,64240
443,135247,1506,274.3346856,3189251,1506,1136.987879,500.6693712,246830,1008.034566,220.3103448,1082.975045,135247,3189251,64240
6802,697,183,77.44444444,2078,1474,296.8571429,106.8888889,962,173.4375,23.44444444,242.8571429,697,2078,1346
443,1221,263,111,1399,161,107.6153846,174,1914,109.1666667,57,53.61538462,1221,1399,514
6912,353,100,70.6,324,54,54,93.2,466,61.54545455,16.6,0,353,324,63
443,1837,852,204.1111111,4230,1474,384.5454545,360.2222222,3242,303.35,148.7777778,329.4545455,1837,4230,64240
7209,112,56,56,54,54,54,64,128,55.33333333,2,0,112,54,16386
7211,112,56,56,54,54,54,64,128,55.33333333,2,0,112,54,16385
7214,112,56,56,54,54,54,64,128,55.33333333,2,0,112,54,16386
7680,330,66,66,0,0,0,84,420,66,0,0,330,0,64240
443,55,55,55,0,0,0,62,62,55,1,0,55,0,512
7171,56,56,56,54,54,54,64,64,55,2,0,56,54,509
49692,112,56,56,54,54,54,64,128,55.33333333,2,0,112,54,260
443,4014,1474,573.4285714,2450,1474,408.3333333,1098.857143,7692,497.2307692,519.4285714,354.3333333,4014,2450,515
7069,703,334,117.1666667,509,346,127.25,186.3333333,1118,121.2,61.16666667,73.25,703,509,318
6773,434,322,144.6666667,981,873,327,241.3333333,724,235.8333333,90.66666667,273,434,981,276
62883,419,307,139.6666667,573,465,191,231.3333333,694,165.3333333,85.66666667,137,419,573,1409
443,55,55,55,0,0,0,62,62,55,1,0,55,0,516
443,1044,294,174,1058,316,211.6,300,1800,191.0909091,120,157.6,1044,1058,510
443,143220,1506,268.2022472,3496728,1506,1144.966601,488.4044944,260808,1014.478261,213.917603,1090.962672,143220,3496728,516
443,197790,1506,331.3065327,3616030,1506,1117.092987,614.6130653,366924,994.7365676,277.3065327,1063.085573,197790,3616030,516
443,13181,1506,299.5681818,238018,1506,1239.677083,551.1363636,24250,1064.402542,245.2954545,1185.614583,13181,238018,64240
443,197153,1506,321.0960912,3954428,1506,1116.4393,594.1921824,364834,998.936718,267.0765472,1062.432524,197153,3954428,64240
443,140895,1506,280.1093439,3244004,1506,1138.247018,512.2186879,257646,1009.51357,226.0854871,1084.234386,140895,3244004,64240
6802,697,183,77.44444444,2078,1474,296.8571429,106.8888889,962,173.4375,23.44444444,242.8571429,697,2078,1346
443,1221,263,111,1399,161,107.6153846,174,1914,109.1666667,57,53.61538462,1221,1399,514
6912,353,100,70.6,324,54,54,93.2,466,61.54545455,16.6,0,353,324,63
443,1837,852,204.1111111,4230,1474,384.5454545,360.2222222,3242,303.35,148.7777778,329.4545455,1837,4230,64240
7209,224,56,56,108,54,54,64,256,55.33333333,2,0,224,108,16386
7211,224,56,56,108,54,54,64,256,55.33333333,2,0,224,108,16385
7214,224,56,56,108,54,54,64,256,55.33333333,2,0,224,108,16386
7680,330,66,66,0,0,0,84,420,66,0,0,330,0,64240
443,55,55,55,0,0,0,62,62,55,1,0,55,0,512
7171,56,56,56,54,54,54,64,64,55,2,0,56,54,509
49692,112,56,56,54,54,54,64,128,55.33333333,2,0,112,54,260
443,4014,1474,573.4285714,2450,1474,408.3333333,1098.857143,7692,497.2307692,519.4285714,354.3333333,4014,2450,515
7069,703,334,117.1666667,509,346,127.25,186.3333333,1118,121.2,61.16666667,73.25,703,509,318
6773,434,322,144.6666667,981,873,327,241.3333333,724,235.8333333,90.66666667,273,434,981,276
62883,419,307,139.6666667,573,465,191,231.3333333,694,165.3333333,85.66666667,137,419,573,1409
443,55,55,55,0,0,0,62,62,55,1,0,55,0,516
443,1044,294,174,1058,316,211.6,300,1800,191.0909091,120,157.6,1044,1058,510
443,146386,1506,268.1062271,3592592,1506,1146.693904,488.2124542,266564,1016.3028,213.8278388,1092.690073,146386,3592592,516
443,208659,1506,338.7321429,3709197,1506,1115.212568,629.4642857,387750,993.8751903,284.7321429,1061.205352,208659,3709197,516
443,13181,1506,299.5681818,238018,1506,1239.677083,551.1363636,24250,1064.402542,245.2954545,1185.614583,13181,238018,64240
443,203980,1506,323.7777778,4036957,1506,1114.56571,599.5555556,377720,997.3981656,269.7587302,1060.559083,203980,4036957,64240
443,147637,1506,285.5647969,3323235,1506,1136.148718,523.1295938,270458,1008.388146,231.5415861,1082.13641,147637,3323235,64240
6802,697,183,77.44444444,2078,1474,296.8571429,106.8888889,962,173.4375,23.44444444,242.8571429,697,2078,1346
443,1221,263,111,1399,161,107.6153846,174,1914,109.1666667,57,53.61538462,1221,1399,514
6912,353,100,70.6,324,54,54,93.2,466,61.54545455,16.6,0,353,324,63
443,1837,852,204.1111111,4230,1474,384.5454545,360.2222222,3242,303.35,148.7777778,329.4545455,1837,4230,64240
7209,224,56,56,108,54,54,64,256,55.33333333,2,0,224,108,16386
7211,224,56,56,108,54,54,64,256,55.33333333,2,0,224,108,16385
7214,224,56,56,108,54,54,64,256,55.33333333,2,0,224,108,16386
7680,330,66,66,0,0,0,84,420,66,0,0,330,0,64240
443,55,55,55,0,0,0,62,62,55,1,0,55,0,512
7171,56,56,56,54,54,54,64,64,55,2,0,56,54,509
49692,112,56,56,54,54,54,64,128,55.33333333,2,0,112,54,260
443,4014,1474,573.4285714,2450,1474,408.3333333,1098.857143,7692,497.2307692,519.4285714,354.3333333,4014,2450,515
7069,703,334,117.1666667,509,346,127.25,186.3333333,1118,121.2,61.16666667,73.25,703,509,318
6773,434,322,144.6666667,981,873,327,241.3333333,724,235.8333333,90.66666667,273,434,981,276
62883,419,307,139.6666667,573,465,191,231.3333333,694,165.3333333,85.66666667,137,419,573,1409
443,55,55,55,0,0,0,62,62,55,1,0,55,0,516
443,1044,294,174,1058,316,211.6,300,1800,191.0909091,120,157.6,1044,1058,510
443,152084,1506,274.0252252,3636775,1506,1145.08029,500.0504505,277528,1015.507639,219.7513514,1091.076511,152084,3636775,516
443,211270,1506,340.7580645,3723440,1506,1114.135248,633.516129,392780,993.1120646,286.7580645,1060.128067,211270,3723440,516
443,13181,1506,299.5681818,238018,1506,1239.677083,551.1363636,24250,1064.402542,245.2954545,1185.614583,13181,238018,64240
443,210130,1506,326.7962675,4107098,1506,1113.638286,605.592535,389396,996.8201339,272.777605,1059.631779,210130,4107098,64240
443,156968,1506,292.3054004,3442591,1506,1133.549885,536.6108007,288160,1007.151371,238.283054,1079.538031,156968,3442591,64240
6802,697,183,77.44444444,2078,1474,296.8571429,106.8888889,962,173.4375,23.44444444,242.8571429,697,2078,1346
443,1221,263,111,1399,161,107.6153846,174,1914,109.1666667,57,53.61538462,1221,1399,514
6912,353,100,70.6,324,54,54,93.2,466,61.54545455,16.6,0,353,324,63
443,1837,852,204.1111111,4230,1474,384.5454545,360.2222222,3242,303.35,148.7777778,329.4545455,1837,4230,64240
7209,224,56,56,108,54,54,64,256,55.33333333,2,0,224,108,16386
7211,224,56,56,108,54,54,64,256,55.33333333,2,0,224,108,16385
7214,224,56,56,108,54,54,64,256,55.33333333,2,0,224,108,16386
7680,330,66,66,0,0,0,84,420,66,0,0,330,0,64240
443,55,55,55,0,0,0,62,62,55,1,0,55,0,512
7171,56,56,56,54,54,54,64,64,55,2,0,56,54,509
49692,112,56,56,54,54,54,64,128,55.33333333,2,0,112,54,260
443,4014,1474,573.4285714,2450,1474,408.3333333,1098.857143,7692,497.2307692,519.4285714,354.3333333,4014,2450,515
7069,703,334,117.1666667,509,346,127.25,186.3333333,1118,121.2,61.16666667,73.25,703,509,318
6773,434,322,144.6666667,981,873,327,241.3333333,724,235.8333333,90.66666667,273,434,981,276
62883,419,307,139.6666667,573,465,191,231.3333333,694,165.3333333,85.66666667,137,419,573,1409
443,55,55,55,0,0,0,62,62,55,1,0,55,0,516
443,1044,294,174,1058,316,211.6,300,1800,191.0909091,120,157.6,1044,1058,510
443,155599,1506,276.866548,3679615,1506,1145.583748,505.7330961,284222,1016.219926,222.5960854,1091.580012,155599,3679615,516
443,215454,1506,341.9904762,3786291,1506,1118.219433,635.9809524,400668,996.4504482,287.9904762,1064.212345,215454,3786291,516
443,13181,1506,299.5681818,238018,1506,1239.677083,551.1363636,24250,1064.402542,245.2954545,1185.614583,13181,238018,64240
443,210130,1506,326.7962675,4107098,1506,1113.638286,605.592535,389396,996.8201339,272.777605,1059.631779,210130,4107098,64240
443,163547,1506,293.6211849,3573844,1506,1131.679544,539.2423698,300358,1006.027187,239.5996409,1077.668144,163547,3573844,64240
6802,697,183,77.44444444,2078,1474,296.8571429,106.8888889,962,173.4375,23.44444444,242.8571429,697,2078,1346
443,1221,263,111,1399,161,107.6153846,174,1914,109.1666667,57,53.61538462,1221,1399,514
6912,353,100,70.6,324,54,54,93.2,466,61.54545455,16.6,0,353,324,63
443,1837,852,204.1111111,4230,1474,384.5454545,360.2222222,3242,303.35,148.7777778,329.4545455,1837,4230,64240
7209,224,56,56,108,54,54,64,256,55.33333333,2,0,224,108,16386
7211,224,56,56,108,54,54,64,256,55.33333333,2,0,224,108,16385
7214,224,56,56,108,54,54,64,256,55.33333333,2,0,224,108,16386
7680,330,66,66,0,0,0,84,420,66,0,0,330,0,64240
443,55,55,55,0,0,0,62,62,55,1,0,55,0,512
7171,56,56,56,54,54,54,64,64,55,2,0,56,54,509
49692,112,56,56,54,54,54,64,128,55.33333333,2,0,112,54,260
443,4014,1474,573.4285714,2450,1474,408.3333333,1098.857143,7692,497.2307692,519.4285714,354.3333333,4014,2450,515
7069,703,334,117.1666667,509,346,127.25,186.3333333,1118,121.2,61.16666667,73.25,703,509,318
6773,434,322,144.6666667,981,873,327,241.3333333,724,235.8333333,90.66666667,273,434,981,276
62883,419,307,139.6666667,573,465,191,231.3333333,694,165.3333333,85.66666667,137,419,573,1409
443,55,55,55,0,0,0,62,62,55,1,0,55,0,516
443,1338,294,191.1428571,1058,316,211.6,334.2857143,2340,199.6666667,137.1428571,157.6,1338,1058,510
443,158356,1506,279.7809187,3704742,1506,1145.91463,511.5618375,289544,1016.872335,225.5123675,1091.910919,158356,3704742,516
443,215670,1506,340.1735016,3817121,1506,1117.751391,632.3470032,400908,995.9967893,286.1735016,1063.744363,215670,3817121,516
443,13181,1506,299.5681818,238018,1506,1239.677083,551.1363636,24250,1064.402542,245.2954545,1185.614583,13181,238018,64240
443,211746,1506,327.2735703,4141884,1506,1115.208401,606.5471406,392436,998.3100206,273.2550232,1061.201939,211746,4141884,64240
443,173751,1506,298.5412371,3732312,1506,1130.318595,549.0824742,319566,1005.680484,244.5206186,1076.307692,173751,3732312,64240
6802,697,183,77.44444444,2078,1474,296.8571429,106.8888889,962,173.4375,23.44444444,242.8571429,697,2078,1346
443,1221,263,111,1399,161,107.6153846,174,1914,109.1666667,57,53.61538462,1221,1399,514
6912,353,100,70.6,324,54,54,93.2,466,61.54545455,16.6,0,353,324,63
443,1837,852,204.1111111,4230,1474,384.5454545,360.2222222,3242,303.35,148.7777778,329.4545455,1837,4230,64240
7209,224,56,56,108,54,54,64,256,55.33333333,2,0,224,108,16386
7211,224,56,56,108,54,54,64,256,55.33333333,2,0,224,108,16385
7214,224,56,56,108,54,54,64,256,55.33333333,2,0,224,108,16386
7680,330,66,66,0,0,0,84,420,66,0,0,330,0,64240
443,55,55,55,0,0,0,62,62,55,1,0,55,0,512
7171,112,56,56,108,54,54,64,128,55,2,0,112,108,509
49692,224,56,56,108,54,54,64,256,55.33333333,2,0,224,108,260
443,4014,1474,573.4285714,2450,1474,408.3333333,1098.857143,7692,497.2307692,519.4285714,354.3333333,4014,2450,515
7069,703,334,117.1666667,509,346,127.25,186.3333333,1118,121.2,61.16666667,73.25,703,509,318
6773,434,322,144.6666667,981,873,327,241.3333333,724,235.8333333,90.66666667,273,434,981,276
62883,419,307,139.6666667,573,465,191,231.3333333,694,165.3333333,85.66666667,137,419,573,1409
443,55,55,55,0,0,0,62,62,55,1,0,55,0,516
443,1392,294,174,1429,316,204.1428571,300,2400,188.0666667,120,150.1428571,1392,1429,510
443,161159,1506,278.3402418,3786366,1506,1147.03605,508.6804836,294526,1017.403351,224.0777202,1093.032414,161159,3786366,516
443,219835,1506,336.1391437,3928308,1506,1117.584068,624.2782875,408278,994.9971216,282.1391437,1063.57724,219835,3928308,516
443,13181,1506,299.5681818,238018,1506,1239.677083,551.1363636,24250,1064.402542,245.2954545,1185.614583,13181,238018,64240
443,214415,1506,326.3546423,4209461,1506,1114.793697,604.7092846,397294,997.9418001,272.3363775,1060.787341,214415,4209461,64240
443,178001,1506,297.6605351,3842439,1506,1129.464727,547.3210702,327298,1005.11,243.6404682,1075.454145,178001,3842439,64240
6802,697,183,77.44444444,2078,1474,296.8571429,106.8888889,962,173.4375,23.44444444,242.8571429,697,2078,1346
443,1221,263,111,1399,161,107.6153846,174,1914,109.1666667,57,53.61538462,1221,1399,514
6912,353,100,70.6,324,54,54,93.2,466,61.54545455,16.6,0,353,324,63
443,1837,852,204.1111111,4230,1474,384.5454545,360.2222222,3242,303.35,148.7777778,329.4545455,1837,4230,64240
7209,224,56,56,108,54,54,64,256,55.33333333,2,0,224,108,16386
7211,224,56,56,108,54,54,64,256,55.33333333,2,0,224,108,16385
7214,224,56,56,108,54,54,64,256,55.33333333,2,0,224,108,16386
7680,330,66,66,0,0,0,84,420,66,0,0,330,0,64240
443,55,55,55,0,0,0,62,62,55,1,0,55,0,512
7171,112,56,56,108,54,54,64,128,55,2,0,112,108,509
49692,224,56,56,108,54,54,64,256,55.33333333,2,0,224,108,260
443,4014,1474,573.4285714,2450,1474,408.3333333,1098.857143,7692,497.2307692,519.4285714,354.3333333,4014,2450,515
7069,703,334,117.1666667,509,346,127.25,186.3333333,1118,121.2,61.16666667,73.25,703,509,318
6773,434,322,144.6666667,981,873,327,241.3333333,724,235.8333333,90.66666667,273,434,981,276
62883,419,307,139.6666667,573,465,191,231.3333333,694,165.3333333,85.66666667,137,419,573,1409
443,55,55,55,0,0,0,62,62,55,1,0,55,0,516
443,1392,294,174,1429,316,204.1428571,300,2400,188.0666667,120,150.1428571,1392,1429,510
443,163750,1506,279.9145299,3812607,1506,1146.993682,511.8290598,299420,1017.231261,225.6547009,1092.990072,163750,3812607,516
443,225150,1506,336.0447761,4046311,1506,1117.76547,624.0895522,418140,995.6785548,282.0447761,1063.75884,225150,4046311,516
443,13181,1506,299.5681818,238018,1506,1239.677083,551.1363636,24250,1064.402542,245.2954545,1185.614583,13181,238018,64240
443,219258,1506,327.7399103,4264930,1506,1113.558747,607.4798206,406404,996.7077128,273.7219731,1059.55248,219258,4264930,64240
443,183495,1506,295.9596774,3963113,1506,1128.127811,543.9193548,337230,1003.292524,241.9403226,1074.114147,183495,3963113,64240
6802,697,183,77.44444444,2078,1474,296.8571429,106.8888889,962,173.4375,23.44444444,242.8571429,697,2078,1346
443,1221,263,111,1399,161,107.6153846,174,1914,109.1666667,57,53.61538462,1221,1399,514
6912,353,100,70.6,324,54,54,93.2,466,61.54545455,16.6,0,353,324,63
443,1837,852,204.1111111,4230,1474,384.5454545,360.2222222,3242,303.35,148.7777778,329.4545455,1837,4230,64240
7209,224,56,56,108,54,54,64,256,55.33333333,2,0,224,108,16386
7211,224,56,56,108,54,54,64,256,55.33333333,2,0,224,108,16385
7214,224,56,56,108,54,54,64,256,55.33333333,2,0,224,108,16386
7680,330,66,66,0,0,0,84,420,66,0,0,330,0,64240
443,55,55,55,0,0,0,62,62,55,1,0,55,0,512
7171,112,56,56,108,54,54,64,128,55,2,0,112,108,509
49692,224,56,56,108,54,54,64,256,55.33333333,2,0,224,108,260
443,4014,1474,573.4285714,2450,1474,408.3333333,1098.857143,7692,497.2307692,519.4285714,354.3333333,4014,2450,515
7069,703,334,117.1666667,509,346,127.25,186.3333333,1118,121.2,61.16666667,73.25,703,509,318
6773,434,322,144.6666667,981,873,327,241.3333333,724,235.8333333,90.66666667,273,434,981,276
62883,419,307,139.6666667,573,465,191,231.3333333,694,165.3333333,85.66666667,137,419,573,1409
443,55,55,55,0,0,0,62,62,55,1,0,55,0,516
443,1392,294,174,1429,316,204.1428571,300,2400,188.0666667,120,150.1428571,1392,1429,510
443,164020,1506,278,3860220,1506,1148.875,508,299720,1018.794937,223.7423729,1094.871429,164020,3860220,516
443,229796,1506,331.5959596,4187242,1506,1116.597867,615.1919192,426328,994.1566509,277.5959596,1062.591467,229796,4187242,516
443,13181,1506,299.5681818,238018,1506,1239.677083,551.1363636,24250,1064.402542,245.2954545,1185.614583,13181,238018,64240
443,222372,1506,320.8831169,4430010,1506,1114.187626,593.7662338,411480,996.4407796,266.8658009,1060.18159,222372,4430010,64240
443,189433,1506,292.7867079,4089386,1506,1125.932269,537.5734158,347810,999.9577004,238.7681607,1071.915749,189433,4089386,64240
6802,697,183,77.44444444,2078,1474,296.8571429,106.8888889,962,173.4375,23.44444444,242.8571429,697,2078,1346
443,1221,263,111,1399,161,107.6153846,174,1914,109.1666667,57,53.61538462,1221,1399,514
6912,353,100,70.6,324,54,54,93.2,466,61.54545455,16.6,0,353,324,63
443,1837,852,204.1111111,4230,1474,384.5454545,360.2222222,3242,303.35,148.7777778,329.4545455,1837,4230,64240
7209,224,56,56,108,54,54,64,256,55.33333333,2,0,224,108,16386
7211,224,56,56,108,54,54,64,256,55.33333333,2,0,224,108,16385
7214,224,56,56,108,54,54,64,256,55.33333333,2,0,224,108,16386
7680,330,66,66,0,0,0,84,420,66,0,0,330,0,64240
443,55,55,55,0,0,0,62,62,55,1,0,55,0,512
7171,112,56,56,108,54,54,64,128,55,2,0,112,108,509
49692,224,56,56,108,54,54,64,256,55.33333333,2,0,224,108,260
443,4014,1474,573.4285714,2450,1474,408.3333333,1098.857143,7692,497.2307692,519.4285714,354.3333333,4014,2450,515
7069,703,334,117.1666667,509,346,127.25,186.3333333,1118,121.2,61.16666667,73.25,703,509,318
6773,434,322,144.6666667,981,873,327,241.3333333,724,235.8333333,90.66666667,273,434,981,276
62883,419,307,139.6666667,573,465,191,231.3333333,694,165.3333333,85.66666667,137,419,573,1409
443,55,55,55,0,0,0,62,62,55,1,0,55,0,516
443,1392,294,174,1429,316,204.1428571,300,2400,188.0666667,120,150.1428571,1392,1429,510
443,168136,1506,277.9107438,3925118,1506,1148.702956,507.8214876,307232,1017.716062,223.6595041,1094.699444,168136,3925118,516
443,229850,1506,331.1959654,4187296,1506,1116.314583,614.3919308,426388,993.7336333,277.1959654,1062.308184,229850,4187296,516
443,13181,1506,299.5681818,238018,1506,1239.677083,551.1363636,24250,1064.402542,245.2954545,1185.614583,13181,238018,64240
443,226065,1506,321.1150568,4508040,1506,1113.646245,594.2301136,418338,996.2342172,267.0980114,1059.640316,226065,4508040,64240
443,193015,1506,293.782344,4138869,1506,1124.692663,539.564688,354494,998.8203828,239.7640791,1070.673098,193015,4138869,64240
6802,697,183,77.44444444,2078,1474,296.8571429,106.8888889,962,173.4375,23.44444444,242.8571429,697,2078,1346
443,1221,263,111,1399,161,107.6153846,174,1914,109.1666667,57,53.61538462,1221,1399,514
6912,353,100,70.6,324,54,54,93.2,466,61.54545455,16.6,0,353,324,63
443,1837,852,204.1111111,4230,1474,384.5454545,360.2222222,3242,303.35,148.7777778,329.4545455,1837,4230,64240
7209,224,56,56,108,54,54,64,256,55.33333333,2,0,224,108,16386
7211,224,56,56,108,54,54,64,256,55.33333333,2,0,224,108,16385
7214,224,56,56,108,54,54,64,256,55.33333333,2,0,224,108,16386
7680,330,66,66,0,0,0,84,420,66,0,0,330,0,64240
443,55,55,55,0,0,0,62,62,55,1,0,55,0,512
7171,112,56,56,108,54,54,64,128,55,2,0,112,108,509
49692,224,56,56,108,54,54,64,256,55.33333333,2,0,224,108,260
443,4014,1474,573.4285714,2450,1474,408.3333333,1098.857143,7692,497.2307692,519.4285714,354.3333333,4014,2450,515
7069,703,334,117.1666667,509,346,127.25,186.3333333,1118,121.2,61.16666667,73.25,703,509,318
6773,434,322,144.6666667,981,873,327,241.3333333,724,235.8333333,90.66666667,273,434,981,276
62883,419,307,139.6666667,573,465,191,231.3333333,694,165.3333333,85.66666667,137,419,573,1409
443,55,55,55,0,0,0,62,62,55,1,0,55,0,516
443,3266,1506,408.25,3738,1506,467.25,768.5,6148,437.75,352.75,411.75,3266,3738,64240
443,1899,1506,316.5,3472,1506,578.6666667,585,3510,447.5833333,260.5,522.6666667,1899,3472,64240
443,1899,1506,316.5,3416,1506,683.2,585,3510,483.1818182,260.5,626.8,1899,3416,64240
443,1474,294,163.7777778,1507,316,188.375,279.5555556,2516,175.3529412,109.7777778,134.375,1474,1507,510
443,168136,1506,277.9107438,3925174,1506,1148.383265,507.8214876,307232,1017.477007,223.6595041,1094.379754,168136,3925174,516
443,229850,1506,331.1959654,4187296,1506,1116.314583,614.3919308,426388,993.7336333,277.1959654,1062.308184,229850,4187296,516
443,13181,1506,299.5681818,238018,1506,1239.677083,551.1363636,24250,1064.402542,245.2954545,1185.614583,13181,238018,64240
443,226065,1506,321.1150568,4508096,1506,1113.385033,594.2301136,418338,996.0363981,267.0980114,1059.379106,226065,4508096,64240
443,193309,1506,292.0075529,4168699,1506,1124.244606,536.0151057,354842,998.171167,237.989426,1070.225189,193309,4168699,64240
6802,763,183,76.3,2133,1474,266.625,104.6,1046,160.8888889,21.1,212.625,763,2133,1346
443,1221,263,111,1399,161,107.6153846,174,1914,109.1666667,57,53.61538462,1221,1399,514
6912,353,100,70.6,324,54,54,93.2,466,61.54545455,16.6,0,353,324,63
443,1837,852,204.1111111,4230,1474,384.5454545,360.2222222,3242,303.35,148.7777778,329.4545455,1837,4230,64240
7209,224,56,56,108,54,54,64,256,55.33333333,2,0,224,108,16386
7211,224,56,56,108,54,54,64,256,55.33333333,2,0,224,108,16385
7214,224,56,56,108,54,54,64,256,55.33333333,2,0,224,108,16386
7680,330,66,66,0,0,0,84,420,66,0,0,330,0,64240
443,55,55,55,0,0,0,62,62,55,1,0,55,0,512
7171,112,56,56,108,54,54,64,128,55,2,0,112,108,509
49692,224,56,56,108,54,54,64,256,55.33333333,2,0,224,108,260
443,4014,1474,573.4285714,2450,1474,408.3333333,1098.857143,7692,497.2307692,519.4285714,354.3333333,4014,2450,515
7069,703,334,117.1666667,509,346,127.25,186.3333333,1118,121.2,61.16666667,73.25,703,509,318
6773,434,322,144.6666667,981,873,327,241.3333333,724,235.8333333,90.66666667,273,434,981,276
62883,419,307,139.6666667,573,465,191,231.3333333,694,165.3333333,85.66666667,137,419,573,1409
443,55,55,55,0,0,0,62,62,55,1,0,55,0,516
443,6794,1506,251.6296296,137139,1506,1142.825,455.2592593,12292,979.1360544,197.1851852,1088.725,6794,137139,64240
443,1953,1506,279,3738,1506,467.25,510,3570,379.4,223.2857143,411.75,1953,3738,64240
443,5088,1506,318,35891,1506,1121.59375,588,9408,853.7291667,263.25,1067.21875,5088,35891,64240
443,1474,294,163.7777778,1563,316,173.6666667,279.5555556,2516,168.7222222,109.7777778,119.6666667,1474,1563,510
443,168136,1506,277.9107438,3925174,1506,1148.383265,507.8214876,307232,1017.477007,223.6595041,1094.379754,168136,3925174,516
443,229850,1506,331.1959654,4187296,1506,1116.314583,614.3919308,426388,993.7336333,277.1959654,1062.308184,229850,4187296,516
443,13181,1506,299.5681818,238018,1506,1239.677083,551.1363636,24250,1064.402542,245.2954545,1185.614583,13181,238018,64240
443,227084,1506,319.3867792,4554406,1506,1113.819027,590.7735584,420040,996.14375,265.3699015,1059.813157,227084,4554406,64240
443,193309,1506,292.0075529,4168699,1506,1124.244606,536.0151057,354842,998.171167,237.989426,1070.225189,193309,4168699,64240
6802,763,183,76.3,2133,1474,266.625,104.6,1046,160.8888889,21.1,212.625,763,2133,1346
443,1221,263,111,1399,161,107.6153846,174,1914,109.1666667,57,53.61538462,1221,1399,514
6912,353,100,70.6,324,54,54,93.2,466,61.54545455,16.6,0,353,324,63
443,1837,852,204.1111111,4230,1474,384.5454545,360.2222222,3242,303.35,148.7777778,329.4545455,1837,4230,64240
7209,224,56,56,108,54,54,64,256,55.33333333,2,0,224,108,16386
7211,224,56,56,108,54,54,64,256,55.33333333,2,0,224,108,16385
7214,224,56,56,108,54,54,64,256,55.33333333,2,0,224,108,16386
7680,330,66,66,0,0,0,84,420,66,0,0,330,0,64240
443,55,55,55,0,0,0,62,62,55,1,0,55,0,512
7171,112,56,56,108,54,54,64,128,55,2,0,112,108,509
49692,224,56,56,108,54,54,64,256,55.33333333,2,0,224,108,260
443,4014,1474,573.4285714,2450,1474,408.3333333,1098.857143,7692,497.2307692,519.4285714,354.3333333,4014,2450,515
7069,703,334,117.1666667,509,346,127.25,186.3333333,1118,121.2,61.16666667,73.25,703,509,318
6773,434,322,144.6666667,981,873,327,241.3333333,724,235.8333333,90.66666667,273,434,981,276
62883,419,307,139.6666667,573,465,191,231.3333333,694,165.3333333,85.66666667,137,419,573,1409
443,55,55,55,0,0,0,62,62,55,1,0,55,0,516
443,7656,1506,255.2,150303,1506,1121.664179,462.4,13872,963.1646341,200.8,1067.574627,7656,150303,64240
443,1953,1506,279,3738,1506,467.25,510,3570,379.4,223.2857143,411.75,1953,3738,64240
443,5088,1506,318,35947,1506,1089.30303,588,9408,837.4489796,263.25,1034.939394,5088,35947,64240
443,1474,294,163.7777778,1563,316,173.6666667,279.5555556,2516,168.7222222,109.7777778,119.6666667,1474,1563,510
443,168136,1506,277.9107438,3925174,1506,1148.383265,507.8214876,307232,1017.477007,223.6595041,1094.379754,168136,3925174,516
443,229850,1506,331.1959654,4187296,1506,1116.314583,614.3919308,426388,993.7336333,277.1959654,1062.308184,229850,4187296,516
443,13181,1506,299.5681818,238018,1506,1239.677083,551.1363636,24250,1064.402542,245.2954545,1185.614583,13181,238018,64240
443,228687,1506,318.505571,4611351,1506,1117.361522,589.0111421,422910,998.9758514,264.4888579,1063.355706,228687,4611351,64240
443,193309,1506,292.0075529,4168699,1506,1124.244606,536.0151057,354842,998.171167,237.989426,1070.225189,193309,4168699,64240
6802,763,183,76.3,2133,1474,266.625,104.6,1046,160.8888889,21.1,212.625,763,2133,1346
443,1221,263,111,1399,161,107.6153846,174,1914,109.1666667,57,53.61538462,1221,1399,514
6912,353,100,70.6,324,54,54,93.2,466,61.54545455,16.6,0,353,324,63
443,1837,852,204.1111111,4230,1474,384.5454545,360.2222222,3242,303.35,148.7777778,329.4545455,1837,4230,64240
7209,224,56,56,108,54,54,64,256,55.33333333,2,0,224,108,16386
7211,224,56,56,108,54,54,64,256,55.33333333,2,0,224,108,16385
7214,224,56,56,108,54,54,64,256,55.33333333,2,0,224,108,16386
7680,330,66,66,0,0,0,84,420,66,0,0,330,0,64240
443,55,55,55,0,0,0,62,62,55,1,0,55,0,512
7171,112,56,56,108,54,54,64,128,55,2,0,112,108,509
49692,224,56,56,108,54,54,64,256,55.33333333,2,0,224,108,260
443,4014,1474,573.4285714,2450,1474,408.3333333,1098.857143,7692,497.2307692,519.4285714,354.3333333,4014,2450,515
7069,703,334,117.1666667,509,346,127.25,186.3333333,1118,121.2,61.16666667,73.25,703,509,318
6773,434,322,144.6666667,981,873,327,241.3333333,724,235.8333333,90.66666667,273,434,981,276
62883,419,307,139.6666667,573,465,191,231.3333333,694,165.3333333,85.66666667,137,419,573,1409
443,55,55,55,0,0,0,62,62,55,1,0,55,0,516
443,9047,1506,231.974359,224243,1506,1144.096939,415.9487179,16222,992.7234043,177.6666667,1090.035714,9047,224243,64240
443,1953,1506,279,3738,1506,467.25,510,3570,379.4,223.2857143,411.75,1953,3738,64240
443,5412,1506,246,78063,1506,1239.095238,444,9768,982.0588235,191.4545455,1184.904762,5412,78063,64240
